shape_id,shape_pt_lat,shape_pt_lon,shape_pt_sequence
SHP0001,34.5163344365559,134.301118254662,1
SHP0001,34.516621741974,134.301161170006,2
SHP0001,34.5169178865219,134.301279187202,3
SHP0001,34.5171433092782,134.301370382309,4
SHP0001,34.5172759106146,134.301214814186,5
SHP0001,34.5173598913518,134.301145076752,6
SHP0001,34.5179035540765,134.301279187202,7
SHP0001,34.518332293723,134.301407933235,8
SHP0001,34.5186947317032,134.301499128342,9
SHP0001,34.5191234672781,134.301676154137,10
SHP0001,34.5193179445434,134.30185854435,11
SHP0001,34.5196008197552,134.302083849907,12
SHP0001,34.5198439148728,134.302475452423,13
SHP0001,34.5200781694969,134.302834868431,14
SHP0001,34.5203256831009,134.303076267242,15
SHP0001,34.5208118683964,134.303188920021,16
SHP0001,34.521037280616,134.303103089333,17
SHP0001,34.5219787015279,134.302550554276,18
SHP0001,34.5225002352937,134.302314519882,19
SHP0001,34.5228096181878,134.302411079407,20
SHP0001,34.5228803341166,134.302631020546,21
SHP0001,34.5229377907645,134.302909970284,22
SHP0001,34.5230527039414,134.303205013275,23
SHP0001,34.5232250734095,134.303339123726,24
SHP0001,34.5235521324454,134.303559064865,25
SHP0001,34.5238836098875,134.303752183914,26
SHP0001,34.5240957547582,134.303998947144,27
SHP0001,34.524285800746,134.304267168045,28
SHP0001,34.5243918727368,134.304487109184,29
SHP0001,34.5243697744165,134.304669499397,30
SHP0001,34.5242548630567,134.304862618446,31
SHP0001,34.5241045941161,134.305120110512,32
SHP0001,34.5241664695951,134.305441975594,33
SHP0001,34.5243918727368,134.305619001389,34
SHP0001,34.524718927191,134.305758476257,35
SHP0001,34.5249045521207,134.306037425995,36
SHP0001,34.5249089717569,134.3061876297,37
SHP0001,34.5248426771901,134.306407570839,38
SHP0001,34.5247454450634,134.3065148592,39
SHP0001,34.5245112035648,134.306627511978,40
SHP0001,34.5242195056833,134.30664896965,41
SHP0001,34.5239499052177,134.306772351265,42
SHP0001,34.5237819569455,134.306944012642,43
SHP0001,34.5236007492194,134.307201504707,44
SHP0001,34.5233620847835,134.307464361191,45
SHP0001,34.523198555053,134.307566285133,46
SHP0001,34.5228184576822,134.307571649551,47
SHP0001,34.52263724786,134.307678937912,48
SHP0001,34.5225531845749,134.307861328125,49
SHP0001,34.5225355050177,134.307936429977,50
SHP0001,34.5225310851284,134.308108091354,51
SHP0001,34.5225465547409,134.308330714703,52
SHP0001,34.5225531845749,134.308435320854,53
SHP0001,34.5225421348516,134.308652579784,54
SHP0001,34.5225089856818,134.30882692337,55
SHP0001,34.522400698394,134.309062957764,56
SHP0001,34.5221553945377,134.30953502655,57
SHP0001,34.5220227978587,134.30983543396,58
SHP0001,34.5219675492424,134.31010633707,59
SHP0001,34.5219719691317,134.311015605927,60
SHP0001,34.5219631293531,134.311310648918,61
SHP0001,34.5219078807368,134.31154936552,62
SHP0001,34.5216139580983,134.312244057655,63
SHP0001,34.5213023559025,134.312917292118,64
SHP0001,34.5212205879504,134.313099682331,65
SHP0001,34.520862576917,134.313912391663,66
SHP0001,34.52071672057,134.314188659191,67
SHP0001,34.5205377150533,134.314446151257,68
SHP0001,34.5204073283189,134.314722418785,69
SHP0001,34.5199918587246,134.315422475338,70
SHP0001,34.5198636819348,134.315655827522,71
SHP0001,34.5197067758646,134.316141307354,72
SHP0001,34.519660367027,134.316436350346,73
SHP0001,34.5196515272484,134.316632151604,74
SHP0001,34.5196559471377,134.316664338112,75
SHP0001,34.5196824664735,134.316884279251,76
SHP0001,34.519742134979,134.317184686661,77
SHP0001,34.5197465548683,134.317380487919,78
SHP0001,34.5196824664735,134.317713081837,79
SHP0001,34.5196515272484,134.317933022976,80
SHP0001,34.5196471073591,134.31808590889,81
SHP0001,34.519660367027,134.31822270155,82
SHP0001,34.5198924112153,134.31884765625,83
SHP0001,34.5199542896655,134.319032728672,84
SHP0001,34.5200625769534,134.319233894348,85
SHP0001,34.5201487647948,134.319314360619,86
SHP0001,34.520299041031,134.319424331188,87
SHP0001,34.5205487647766,134.319579899311,88
SHP0001,34.5207100907361,134.319727420807,89
SHP0001,34.5207697592417,134.319917857647,90
SHP0001,34.5207763890756,134.320027828217,91
SHP0001,34.5207564995738,134.320121705532,92
SHP0001,34.5207255603486,134.320202171803,93
SHP0001,34.5206813614556,134.320285320282,94
SHP0001,34.520584123891,134.32040065527,95
SHP0001,34.5204780465478,134.320473074913,96
SHP0001,34.5203255603668,134.320556223392,97
SHP0001,34.5198791515474,134.320733249187,98
SHP0001,34.5191145106982,134.321057796478,99
SHP0001,34.518729980329,134.321210682392,100
SHP0001,34.5184692068602,134.321328699589,101
SHP0001,34.5183587096276,134.32143330574,102
SHP0001,34.5183078809007,134.321513772011,103
SHP0001,34.518261472063,134.32162374258,104
SHP0001,34.51821727317,134.321886599064,105
SHP0001,34.5181819140556,134.322042167187,106
SHP0001,34.5181001461035,134.3222245574,107
SHP0001,34.5179984886496,134.32230502367,108
SHP0001,34.5178570521919,134.32236135006,109
SHP0001,34.517653737284,134.322329163551,110
SHP0001,34.5174658919887,134.322310388088,111
SHP0001,34.5173134058078,134.322347939014,112
SHP0001,34.5171874389627,134.322420358658,113
SHP0001,34.5168581572097,134.322728812695,114
SHP0001,34.5166681019698,134.322820007801,115
SHP0001,34.5164935163424,134.322881698608,116
SHP0001,34.5160073285192,134.322948753834,117
SHP0001,34.5159100909545,134.322997033596,118
SHP0001,34.5158216931685,134.323058724403,119
SHP0001,34.5156448975964,134.323246479034,120
SHP0001,34.515609538482,134.323300123215,121
SHP0001,34.5155167107215,134.323447644711,122
SHP0001,34.5154172524066,134.323686361313,123
SHP0001,34.5153885200046,134.323761463165,124
SHP0001,34.5153686283416,134.323917031288,125
SHP0001,34.5153686283416,134.324024319649,126
SHP0001,34.5154260931457,134.324257671833,127
SHP0001,34.515609538482,134.324517846107,128
SHP0001,34.5156824666555,134.324630498886,129
SHP0001,34.5157310854378,134.324748516083,130
SHP0001,34.5157531848843,134.324858486652,131
SHP0001,34.5157399252164,134.324957728386,132
SHP0001,34.5157310854378,134.324997961521,133
SHP0001,34.5157134058806,134.325065016747,134
SHP0001,34.5156515274304,134.325177669525,135
SHP0001,34.515609538482,134.325212538242,136
SHP0001,34.5155432329388,134.32527422905,137
SHP0001,34.515384099635,134.325392246246,138
SHP0001,34.5152912718745,134.325480759144,139
SHP0001,34.5151232978316,134.325612187386,140
SHP0001,34.515001737669,134.325719475746,141
SHP0001,34.5148713367673,134.325858950615,142
SHP0001,34.5148138719632,134.325934052467,143
SHP0001,34.5146414775508,134.32622641325,144
SHP0001,34.5145154970186,134.326481223106,145
SHP0001,34.5144712933232,134.326559007168,146
SHP0001,34.5143629942692,134.326623380184,147
SHP0001,34.5142149118893,134.326658248901,148
SHP0001,34.5140889313572,134.326655566692,149
SHP0001,34.5139297980534,134.326593875885,150
SHP0001,34.5135496462722,134.326473176479,151
SHP0001,34.5130877176543,134.326312243938,152
SHP0001,34.5127738714163,134.326207637787,153
SHP0001,34.5123141529832,134.326057434082,154
SHP0001,34.5119958863757,134.325976967812,155
SHP0001,34.5119782048975,134.326111078262,156
SHP0001,34.5120356697016,134.326218366623,157
SHP0001,34.5122191150379,134.32630687952,158
SHP0001,34.5127252473513,134.326502680779,159
SHP0001,34.5128534380682,134.326569736004,160
SHP0001,34.5129352149049,134.32663410902,161
SHP0001,34.5130081510024,134.326733350754,162
SHP0001,34.5132048574474,134.327090084553,163
SHP0001,34.5134148250009,134.327411949635,164
SHP0001,34.5135584870113,134.327500462532,165
SHP0001,34.5136468944023,134.327538013458,166
SHP0001,34.513894435097,134.327607750893,167
SHP0001,34.5140823008028,134.327647984028,168
SHP0001,34.5141817591177,134.327653348446,169
SHP0001,34.5142900581716,134.327626526356,170
SHP0001,34.514393936856,134.327572882175,171
SHP0001,34.5146083247792,134.327428042889,172
SHP0001,34.5147298849418,134.327363669872,173
SHP0001,34.5149133302781,134.327304661274,174
SHP0001,34.5150680432123,134.327301979065,175
SHP0001,34.5154017811132,134.327323436737,176
SHP0001,34.5155653347865,134.327323436737,177
SHP0001,34.515609538482,134.327318072319,178
SHP0001,34.5156139583713,134.327318072319,179
SHP0001,34.5156625771536,134.327310025692,180
SHP0001,34.5157598147183,134.327256381512,181
SHP0001,34.5158614721722,134.327167868614,182
SHP0001,34.5162437925968,134.326701164246,183
SHP0001,34.5164117483903,134.326521456242,184
SHP0001,34.5165288754568,134.326414167881,185
SHP0001,34.5166681019698,134.32633638382,186
SHP0001,34.5172448975236,134.326068162918,187
SHP0001,34.5173089859185,134.326022565365,188
SHP0001,34.5174084334278,134.325893819332,189
SHP0001,34.5175344002729,134.325617551804,190
SHP0001,34.5175830190552,134.325529038906,191
SHP0001,34.5176736267859,134.325478076935,192
SHP0001,34.5177730742952,134.32549148798,193
SHP0001,34.5178327428007,134.325529038906,194
SHP0001,34.51793219031,134.325644373894,195
SHP0001,34.5181377151626,134.325923323631,196
SHP0001,34.5183476599044,134.326143264771,197
SHP0001,34.5185222455318,134.326213002205,198
SHP0001,34.5186658919341,134.326204955578,199
SHP0001,34.5187962786685,134.326162040234,200
SHP0001,34.5189377151261,134.326041340828,201
SHP0001,34.5191587095912,134.325716793537,202
SHP0001,34.5193001460489,134.325537085533,203
SHP0001,34.5194062233921,134.3254378438,204
SHP0001,34.5196117482446,134.325266182423,205
SHP0001,34.5196692068056,134.32524740696,206
SHP0001,34.519748764813,134.325260818005,207
SHP0001,34.5198106432632,134.325311779976,208
SHP0001,34.5198614719902,134.325459301472,209
SHP0001,34.5197951736507,134.32579189539,210
SHP0001,34.5198150631525,134.325995743275,211
SHP0001,34.5198703117688,134.32614594698,212
SHP0001,34.5200073283371,134.326274693012,213
SHP0001,34.5215167205336,134.327248334885,214
SHP0001,34.5216714166592,134.327331483364,215
SHP0001,34.5218548420652,134.327350258827,216
SHP0001,34.5221244553126,134.327224195004,217
SHP0001,34.5222349525451,134.327183961868,218
SHP0001,34.5223410298884,134.327170550823,219
SHP0001,34.5224250077851,134.327183961868,220
SHP0001,34.5226548420288,134.327307343483,221
SHP0001,34.5228029083204,134.32736903429,222
SHP0001,34.522862576826,134.327382445335,223
SHP0001,34.5229730740585,134.327358305454,224
SHP0001,34.5232139580255,134.327272474766,225
SHP0001,34.5237001458486,134.327132999897,226
SHP0001,34.5241421347788,134.327076673508,227
SHP0001,34.5244669966425,134.327068626881,228
SHP0001,34.5246614717717,134.327076673508,229
SHP0001,34.5248117316776,134.327087402344,230
SHP0001,34.5250017662644,134.327122271061,231
SHP0001,34.5252271561232,134.327165186405,232
SHP0001,34.5256911940678,134.327323436737,233
SHP0001,34.5258679704277,134.327422678471,234
SHP0001,34.5260999893999,134.327575564384,235
SHP0001,34.5262590881238,134.327650666237,236
SHP0001,34.5264424935971,134.327639937401,237
SHP0001,34.5265684467535,134.327650666237,238
SHP0001,34.526632528184,134.327717721462,239
SHP0001,34.5266745125694,134.327843785286,240
SHP0001,34.5266479961155,134.327964484692,241
SHP0001,34.5265220429591,134.328074455261,242
SHP0001,34.5264049286207,134.328055679798,243
SHP0001,34.5261486028989,134.327959120274,244
SHP0001,34.526016020629,134.327945709229,245
SHP0001,34.525479062436,134.327959120274,246
SHP0001,34.5253531092796,134.327980577946,247
SHP0001,34.5252382046457,134.328061044216,248
SHP0001,34.5250989932623,134.328197836876,249
SHP0001,34.5250017662644,134.328270256519,250
SHP0001,34.524884651926,134.328331947327,251
SHP0001,34.5247432308382,134.328364133835,252
SHP0001,34.5246614717717,134.328356087208,253
SHP0001,34.5241664441699,134.3282943964,254
SHP0001,34.5240979358858,134.328364133835,255
SHP0001,34.5240692066053,134.32848751545,256
SHP0001,34.5240736264946,134.32859480381,257
SHP0001,34.524115615443,134.328683316708,258
SHP0001,34.5241995933397,134.328734278679,259
SHP0001,34.5243100905722,134.328723549843,260
SHP0001,34.524431637528,134.328672587872,261
SHP0001,34.5245377148713,134.328651130199,262
SHP0001,34.5246614717717,134.328645765781,263
SHP0001,34.5247896346326,134.328659176826,264
SHP0001,34.5250017662644,134.328696727753,265
SHP0001,34.5259386809716,134.328871071339,266
SHP0001,34.5263739927577,134.328967630863,267
SHP0001,34.5265993826165,134.329069554806,268
SHP0001,34.5267164969549,134.329133927822,269
SHP0001,34.5268402404068,134.329211711884,270
SHP0001,34.527107614651,134.329407513142,271
SHP0001,34.5273263753963,134.329544305801,272
SHP0001,34.5273948762358,134.329584538937,273
SHP0001,34.5275119905742,134.329622089863,274
SHP0001,34.527719702797,134.329648911953,275
SHP0001,34.5278323977264,134.329638183117,276
SHP0001,34.5279760285188,134.329595267773,277
SHP0001,34.5282986453755,134.329442381859,278
SHP0001,34.5284135500094,134.329404830933,279
SHP0001,34.5284886799623,134.329391419888,280
SHP0001,34.5285616002107,134.32938605547,281
SHP0001,34.5289969119969,134.329402148724,282
SHP0001,34.5297172756632,134.329442381859,283
SHP0001,34.5298167123656,134.329461157322,284
SHP0001,34.529916149068,134.329501390457,285
SHP0001,34.5299890693165,134.329555034637,286
SHP0001,34.5300664089739,134.329654276371,287
SHP0001,34.5301039739504,134.329745471478,288
SHP0001,34.5301260709953,134.329833984375,289
SHP0001,34.5301658456763,134.330271184444,290
SHP0001,34.5301989912438,134.330367743969,291
SHP0001,34.5302520241517,134.330440163612,292
SHP0001,34.5304420587386,134.330590367317,293
SHP0001,34.5304774140105,134.330627918243,294
SHP0001,34.530523817805,134.330700337887,295
SHP0001,34.530559173077,134.330796897411,296
SHP0001,34.5306298836209,134.331175088882,297
SHP0001,34.5306784971199,134.331279695034,298
SHP0001,34.5307271106188,134.331341385841,299
SHP0001,34.5308265473212,134.331403076649,300
SHP0001,34.5309547101821,134.331464767456,301
SHP0001,34.5314165384222,134.331641793251,302
SHP0001,34.531628670054,134.331735670567,303
SHP0001,34.5317347358699,134.331791996956,304
SHP0001,34.5318098658228,134.331842958927,305
SHP0001,34.5319070928208,134.331931471825,306
SHP0001,34.5320219974546,134.332070946693,307
SHP0001,34.5324263733778,134.332628846169,308
SHP0001,34.5324926645127,134.332709312439,309
SHP0001,34.5325545362387,134.332773685455,310
SHP0001,34.5326429244186,134.332832694054,311
SHP0001,34.532751199939,134.332875609398,312
SHP0001,34.53279097462,134.332883656025,313
SHP0001,34.5328771530954,134.332880973816,314
SHP0001,34.5330031062518,134.33284342289,315
SHP0001,34.5332174475881,134.33276027441,316
SHP0001,34.5333345619265,134.332693219185,317
SHP0001,34.5334295792199,134.33262616396,318
SHP0001,34.5335334353313,134.332534968853,319
SHP0001,34.5337124213956,134.33232575655,320
SHP0001,34.5339267394343,134.332076311111,321
SHP0001,34.5340968681867,134.331845641136,322
SHP0001,34.5341498953303,134.331741034985,323
SHP0001,34.5342471117602,134.331496953964,324
SHP0001,34.5342802537249,134.331365525723,325
SHP0001,34.5343421187258,134.331014156342,326
SHP0001,34.5345100380138,134.329935908318,327
SHP0001,34.5345343421213,134.329833984375,328
SHP0001,34.534567484086,134.329726696014,329
SHP0001,34.5346448153371,134.329555034637,330
SHP0001,34.5346890046234,134.329477250576,331
SHP0001,34.5347597074815,134.329380691051,332
SHP0001,34.5350160053422,134.329120516777,333
SHP0001,34.5352369517738,134.328913986683,334
SHP0001,34.5353407965967,134.328782558441,335
SHP0001,34.5353695196328,134.328707456589,336
SHP0001,34.5353871953473,134.328565299511,337
SHP0001,34.5353695196328,134.328401684761,338
SHP0001,34.5353407965967,134.328283667564,339
SHP0001,34.5351839246302,134.327948391438,340
SHP0001,34.5351463637369,134.327846467495,341
SHP0001,34.5351176407008,134.327752590179,342
SHP0001,34.5350977555219,134.327629208565,343
SHP0001,34.5350933365933,134.327511191368,344
SHP0001,34.5351110123078,134.327358305454,345
SHP0001,34.5351485732012,134.327213466167,346
SHP0001,34.5352811410602,134.326913058758,347
SHP0001,34.5353385871324,134.326803088188,348
SHP0001,34.5353871953473,134.326687753201,349
SHP0001,34.5354225467764,134.326569736004,350
SHP0001,34.5354490603482,134.326432943344,351
SHP0001,34.53547557392,134.326103031635,352
SHP0001,34.5354998780275,134.326019883156,353
SHP0001,34.5355330199922,134.325963556767,354
SHP0001,34.5355794187428,134.325917959213,355
SHP0001,34.5356832635657,134.325912594795,356
SHP0001,34.5357296623163,134.32592600584,357
SHP0001,34.5357716421384,134.32595282793,358
SHP0001,34.5358047841031,134.325998425484,359
SHP0001,34.5358268787463,134.326065480709,360
SHP0001,34.5358312976749,134.326140582561,361
SHP0001,34.5358246692819,134.326207637787,362
SHP0001,34.5357605948168,134.326400756836,363
SHP0001,34.5355882566001,134.326840639114,364
SHP0001,34.5355396483851,134.327095448971,365
SHP0001,34.5355396483851,134.327285885811,366
SHP0001,34.5355772092785,134.327457547188,367
SHP0001,34.5356258174935,134.327599704266,368
SHP0001,34.5357716421384,134.327814280987,369
SHP0001,34.5361030617858,134.328251481056,370
SHP0001,34.5361848119655,134.328348040581,371
SHP0001,34.5362687716095,134.328423142433,372
SHP0001,34.5363659880394,134.328441917896,373
SHP0001,34.5364632044693,134.32840436697,374
SHP0001,34.5364941369698,134.328356087208,375
SHP0001,34.5365118126843,134.328302443027,376
SHP0001,34.5365184410772,134.328243434429,377
SHP0001,34.5365051842913,134.328157603741,378
SHP0001,34.5364764612552,134.328090548515,379
SHP0001,34.5364322719689,134.328026175499,380
SHP0001,34.5362223728589,134.327760636806,381
SHP0001,34.536160507858,134.327631890774,382
SHP0001,34.5361251564289,134.32753264904,383
SHP0001,34.536111899643,134.327323436737,384
SHP0001,34.5361207375003,134.327216148376,385
SHP0001,34.536167136251,134.326947927475,386
SHP0001,34.5362422580377,134.3267172575,387
SHP0001,34.5364963464341,134.326277375221,388
SHP0001,34.5365493735777,134.326140582561,389
SHP0001,34.5368056714383,134.325266182423,390
SHP0001,34.5368476512603,134.325089156628,391
SHP0001,34.5368542796533,134.324997961521,392
SHP0001,34.5368167187599,134.324839711189,393
SHP0001,34.5367857862595,134.324778020382,394
SHP0001,34.5365427451847,134.324453473091,395
SHP0001,34.5364366908975,134.324263036251,396
SHP0001,34.5361649267866,134.323680996895,397
SHP0001,34.5359837507127,134.323267936707,398
SHP0001,34.5359771223198,134.32320356369,399
SHP0001,34.535985960177,134.323141872883,400
SHP0001,34.5360367778563,134.323042631149,401
SHP0001,34.5360721292854,134.32301312685,402
SHP0001,34.5361163185717,134.322991669178,403
SHP0001,34.536209116073,134.322991669178,404
SHP0001,34.5362842378597,134.323053359985,405
SHP0001,34.5363085419672,134.323101639748,406
SHP0001,34.536328427146,134.323160648346,407
SHP0001,34.5363416839319,134.323241114616,408
SHP0001,34.5363593596465,134.32347714901,409
SHP0001,34.5363902921469,134.323643445969,410
SHP0001,34.5364366908975,134.32377487421,411
SHP0001,34.5364830896482,134.323876798153,412
SHP0001,34.5365361167918,134.323943853378,413
SHP0001,34.5367879957238,134.324187934399,414
SHP0001,34.53692940144,134.324289858341,415
SHP0001,34.5370730166206,134.324364960194,416
SHP0001,34.5373735037676,134.324421286583,417
SHP0001,34.5374243214469,134.324450790882,418
SHP0001,34.5375038621623,134.324533939362,419
SHP0001,34.5375281662697,134.324595630169,420
SHP0001,34.5375392135913,134.324670732021,421
SHP0001,34.5375347946627,134.324751198292,422
SHP0001,34.5374861864477,134.324922859669,423
SHP0001,34.537453044483,134.324997961521,424
SHP0001,34.537411064661,134.325140118599,425
SHP0001,34.5373978078751,134.325228631496,426
SHP0001,34.5373911794821,134.325311779976,427
SHP0001,34.5373978078751,134.325389564037,428
SHP0001,34.5374132741253,134.325480759144,429
SHP0001,34.5375237473411,134.325877726078,430
SHP0001,34.5375679366274,134.326070845127,431
SHP0001,34.5375966596635,134.326349794865,432
SHP0001,34.5375966596635,134.326510727406,433
SHP0001,34.5375701460917,134.326910376549,434
SHP0001,34.5375878218063,134.327039122581,435
SHP0001,34.5376099164494,134.32709813118,436
SHP0001,34.5376585246644,134.327181279659,437
SHP0001,34.5377203896652,134.327240288258,438
SHP0001,34.5379148225251,134.32731539011,439
SHP0001,34.5384075330676,134.327417314053,440
SHP0001,34.5384937021759,134.32742536068,441
SHP0001,34.5386152227133,134.32742536068,442
SHP0001,34.5387610473582,134.327406585217,443
SHP0001,34.5391631698637,134.327310025692,444
SHP0001,34.5392603862936,134.327304661274,445
SHP0001,34.5393244607588,134.327296614647,446
SHP0001,34.5394084204028,134.327304661274,447
SHP0001,34.5394857516539,134.327334165573,448
SHP0001,34.5395895964768,134.327393174171,449
SHP0001,34.539731002193,134.327521920204,450
SHP0001,34.5397906577295,134.327599704266,451
SHP0001,34.5399629959462,134.327768683434,452
SHP0001,34.540122077377,134.32785987854,453
SHP0001,34.540164057199,134.327875971794,454
SHP0001,34.540373956309,134.327894747257,455
SHP0001,34.5404932673821,134.327867925167,456
SHP0001,34.5406457204199,134.327782094479,457
SHP0001,34.5409241129238,134.327575564384,458
SHP0001,34.5413505395368,134.327229559422,459
SHP0001,34.5414521748953,134.327192008495,460
SHP0001,34.5415272966821,134.327181279659,461
SHP0001,34.5416687023983,134.327183961868,462
SHP0001,34.5419802368669,134.327200055122,463
SHP0001,34.5421017574043,134.327226877213,464
SHP0001,34.5421481561549,134.327237606049,465
SHP0001,34.542490623124,134.327411949635,466
SHP0001,34.5427623872348,134.327516555786,467
SHP0001,34.5428043624928,134.327529966831,468
SHP0001,34.5428971499053,134.327578246593,469
SHP0001,34.5430849339542,134.327739179134,470
SHP0001,34.5431335368845,134.327763319016,471
SHP0001,34.5432395796416,134.327787458897,472
SHP0001,34.5432837641237,134.327784776688,473
SHP0001,34.5433920161049,134.327755272388,474
SHP0001,34.5438294424777,134.327594339848,475
SHP0001,34.5439619959241,134.327546060085,476
SHP0001,34.5441011770427,134.327546060085,477
SHP0001,34.5441784998864,134.327567517757,478
SHP0001,34.5442514042819,134.327610433102,479
SHP0001,34.544337564022,134.32769626379,480
SHP0001,34.5443861669523,134.327776730061,481
SHP0001,34.5444193053139,134.327851831913,482
SHP0001,34.5444480252272,134.328031539917,483
SHP0001,34.5444281422103,134.328176379204,484
SHP0001,34.5443883761764,134.328299760818,485
SHP0001,34.5443243086773,134.328393638134,486
SHP0001,34.5442558227301,134.32845801115,487
SHP0001,34.5442028013516,134.328492879868,488
SHP0001,34.544107804715,134.328533113003,489
SHP0001,34.5436504953252,134.328661859035,490
SHP0001,34.5434848035173,134.32867795229,491
SHP0001,34.5432660903309,134.328680634499,492
SHP0001,34.5431887674872,134.32870477438,493
SHP0001,34.5431202815399,134.328753054142,494
SHP0001,34.5430650509373,134.328828155994,495
SHP0001,34.5430341217998,134.328911304474,496
SHP0001,34.5430120295588,134.329040050507,497
SHP0001,34.5429877280936,134.32935655117,498
SHP0001,34.5429590081802,134.329522848129,499
SHP0001,34.5429081960258,134.329689145088,500
SHP0001,34.5428397100785,134.329833984375,501
SHP0001,34.5427623872348,134.329946637154,502
SHP0001,34.542658542412,134.330056607723,503
SHP0001,34.5423735215152,134.330279231071,504
SHP0001,34.5422873524069,134.330389201641,505
SHP0001,34.5422520009778,134.33047503233,506
SHP0001,34.5422365347276,134.330574274063,507
SHP0001,34.5422564199064,134.330700337887,508
SHP0001,34.5422895618712,134.330770075321,509
SHP0001,34.542351426872,134.330845177174,510
SHP0001,34.5424110824086,134.330885410309,511
SHP0001,34.5424398054447,134.330893456936,512
SHP0001,34.5425082988385,134.330901503563,513
SHP0001,34.542567954375,134.330896139145,514
SHP0001,34.5426342383045,134.330869317055,515
SHP0001,34.5426806370551,134.330837130547,516
SHP0001,34.5427159884842,134.330791532993,517
SHP0001,34.5427623872348,134.330705702305,518
SHP0001,34.542881691737,134.330295324326,519
SHP0001,34.5431335562355,134.330096840858,520
SHP0001,34.5433500707214,134.330070018768,521
SHP0001,34.543654957512,134.329968094826,522
SHP0001,34.5440570528759,134.3299305439,523
SHP0001,34.5442647277426,134.329866170883,524
SHP0001,34.5444944950764,134.329909086227,525
SHP0001,34.5445805786736,134.329989552498,526
SHP0001,34.5446424369485,134.330070018768,527
SHP0001,34.5446998767753,134.330115616322,528
SHP0001,34.5447440612574,134.330129027367,529
SHP0001,34.5447882457395,134.330131709576,530
SHP0001,34.5448501040144,134.330118298531,531
SHP0001,34.5449583559956,134.330056607723,532
SHP0001,34.54500916815,134.330043196678,533
SHP0001,34.5450688172009,134.330061972141,534
SHP0001,34.545154976941,134.330142438412,535
SHP0001,34.5452013706472,134.330198764801,536
SHP0001,34.5452455551293,134.330273866653,537
SHP0001,34.5452985765078,134.330308735371,538
SHP0001,34.5454885697809,134.330357015133,539
SHP0001,34.5455438003835,134.330402612686,540
SHP0001,34.545554846504,134.330456256866,541
SHP0001,34.5455438003835,134.330515265465,542
SHP0001,34.5455150804701,134.330560863018,543
SHP0001,34.5454731052121,134.330574274063,544
SHP0001,34.5454245022818,134.330566227436,545
SHP0001,34.545386945472,134.330547451973,546
SHP0001,34.5452521828016,134.330472350121,547
SHP0001,34.545196952199,134.330429434776,548
SHP0001,34.5450754448732,134.330383837223,549
SHP0001,34.5450202142705,134.330383837223,550
SHP0001,34.5449694021161,134.330399930477,551
SHP0001,34.5449185899617,134.330458939075,552
SHP0001,34.5448964977206,134.330531358719,553
SHP0001,34.5449053346171,134.33060914278,554
SHP0001,34.5449207991858,134.330649375916,555
SHP0001,34.5449627744438,134.330678880215,556
SHP0001,34.5451660230615,134.33077275753,557
SHP0001,34.5451925337508,134.330807626247,558
SHP0001,34.5452256721123,134.330885410309,559
SHP0001,34.5452057890954,134.331091940403,560
SHP0001,34.5451704415097,134.331636428833,561
SHP0001,34.5451660230615,134.331931471825,562
SHP0001,34.5452212536641,134.332143366337,563
SHP0001,34.5452941580596,134.332309663296,564
SHP0001,34.545386945472,134.332486689091,565
SHP0001,34.5454134561613,134.332551062107,566
SHP0001,34.5454002008167,134.332612752914,567
SHP0001,34.5453714809033,134.332655668259,568
SHP0001,34.5453140410766,134.332655668259,569
SHP0001,34.5452720658186,134.332631528378,570
SHP0001,34.5452367182329,134.332585930824,571
SHP0001,34.5451417215963,134.332400858402,572
SHP0001,34.5449649836679,134.332119226456,573
SHP0001,34.5448302209975,134.331915378571,574
SHP0001,34.5447528981538,134.331859052181,575
SHP0001,34.5446623199655,134.33186173439,576
SHP0001,34.5446137170352,134.331880509853,577
SHP0001,34.5445739510013,134.331910014153,578
SHP0001,34.5445452310879,134.331942200661,579
SHP0001,34.5445231388468,134.332017302513,580
SHP0001,34.5445253480709,134.33213531971,581
SHP0001,34.5445408126397,134.33221578598,582
SHP0001,34.54458941557,134.332371354103,583
SHP0001,34.5446225539316,134.332510828972,584
SHP0001,34.544715341344,134.333074092865,585
SHP0001,34.544757316602,134.333205521107,586
SHP0001,34.5448280117734,134.33333158493,587
SHP0001,34.5449097530653,134.333454966545,588
SHP0001,34.5449738205643,134.333567619324,589
SHP0001,34.5449892851331,134.333613216877,590
SHP0001,34.5450312603911,134.333878755569,591
SHP0001,34.5450688172009,134.334863126278,592
SHP0001,34.5451063740107,134.335235953331,593
SHP0001,34.5451019555624,134.335321784019,594
SHP0001,34.5450820725455,134.335386157036,595
SHP0001,34.5450621895285,134.335404932499,596
SHP0001,34.5450356788393,134.335415661335,597
SHP0001,34.5449782390125,134.33540225029,598
SHP0001,34.5449296360822,134.335364699364,599
SHP0001,34.5449097530653,134.335327148438,600
SHP0001,34.5449009161688,134.335286915302,601
SHP0001,34.5448655685832,134.335201084614,602
SHP0001,34.5448081287564,134.33496773243,603
SHP0001,34.5447860365154,134.334914088249,604
SHP0001,34.5447528981538,134.334879219532,605
SHP0001,34.5447175505681,134.334868490696,606
SHP0001,34.5446402277244,134.334906041622,607
SHP0001,34.5446181354834,134.334940910339,608
SHP0001,34.5446004616905,134.335066974163,609
SHP0001,34.5445938340182,134.33521181345,610
SHP0001,34.5446004616905,134.335316419601,611
SHP0001,34.544631390828,134.335421025753,612
SHP0001,34.5447175505681,134.335581958294,613
SHP0001,34.5447661534984,134.335638284683,614
SHP0001,34.544883242376,134.335804581642,615
SHP0001,34.5449296360822,134.33589309454,616
SHP0001,34.5449428914269,134.335944056511,617
SHP0001,34.5449296360822,134.335995018482,618
SHP0001,34.5449141715135,134.336021840572,619
SHP0001,34.5448545224626,134.336067438126,620
SHP0001,34.5447484797056,134.336113035679,621
SHP0001,34.5445076742781,134.336185455322,622
SHP0001,34.5444038407451,134.336209595203,623
SHP0001,34.5442315212649,134.33627396822,624
SHP0001,34.5441586168694,134.336316883564,625
SHP0001,34.5440371095437,134.336426854134,626
SHP0001,34.5439730420446,134.336515367031,627
SHP0001,34.5439089745455,134.336630702019,628
SHP0001,34.5438117686849,134.336780905724,629
SHP0001,34.5438007225644,134.336826503277,630
SHP0001,34.5438007225644,134.336888194084,631
SHP0001,34.5438051410126,134.336923062801,632
SHP0001,34.5438382793742,134.337000846863,633
SHP0001,34.5440812940258,134.337397813797,634
SHP0001,34.5441541984212,134.337550699711,635
SHP0001,34.5441762906623,134.337703585625,636
SHP0001,34.5441873367828,134.337813556194,637
SHP0001,34.5441851275587,134.337953031063,638
SHP0001,34.544149779973,134.338189065456,639
SHP0001,34.5440371095437,134.338634312153,640
SHP0001,34.544001761958,134.338746964931,641
SHP0001,34.5439575774759,134.338958859444,642
SHP0001,34.5439465313553,134.339007139206,643
SHP0001,34.5439443221312,134.33910369873,644
SHP0001,34.5439642051482,134.339299499989,645
SHP0001,34.5440945493704,134.339913725853,646
SHP0001,34.5441055954909,134.339964687824,647
SHP0001,34.5442558227301,134.3408203125,648
SHP0001,34.5442734965229,134.340938329697,649
SHP0001,34.5442779149711,134.341313838959,650
SHP0001,34.5442870102425,134.341520491982,651
SHP0001,34.544574029775,134.341431856155,652
SHP0001,34.5448524006213,134.341394305229,653
SHP0002,34.5163344365559,134.301118254662,1
SHP0002,34.516621741974,134.301161170006,2
SHP0002,34.5169178865219,134.301279187202,3
SHP0002,34.5171433092782,134.301370382309,4
SHP0002,34.5172759106146,134.301214814186,5
SHP0002,34.5173598913518,134.301145076752,6
SHP0002,34.5179035540765,134.301279187202,7
SHP0002,34.518332293723,134.301407933235,8
SHP0002,34.5186947317032,134.301499128342,9
SHP0002,34.5191234672781,134.301676154137,10
SHP0002,34.5193179445434,134.30185854435,11
SHP0002,34.5196008197552,134.302083849907,12
SHP0002,34.5198439148728,134.302475452423,13
SHP0002,34.5200781694969,134.302834868431,14
SHP0002,34.5203256831009,134.303076267242,15
SHP0002,34.5208118683964,134.303188920021,16
SHP0002,34.521037280616,134.303103089333,17
SHP0002,34.5219787015279,134.302550554276,18
SHP0002,34.5225002352937,134.302314519882,19
SHP0002,34.5228096181878,134.302411079407,20
SHP0002,34.5228803341166,134.302631020546,21
SHP0002,34.5229377907645,134.302909970284,22
SHP0002,34.5230527039414,134.303205013275,23
SHP0002,34.5232250734095,134.303339123726,24
SHP0002,34.5235521324454,134.303559064865,25
SHP0002,34.5238836098875,134.303752183914,26
SHP0002,34.5240957547582,134.303998947144,27
SHP0002,34.524285800746,134.304267168045,28
SHP0002,34.5243918727368,134.304487109184,29
SHP0002,34.5243697744165,134.304669499397,30
SHP0002,34.5242548630567,134.304862618446,31
SHP0002,34.5241045941161,134.305120110512,32
SHP0002,34.5241664695951,134.305441975594,33
SHP0002,34.5243918727368,134.305619001389,34
SHP0002,34.524718927191,134.305758476257,35
SHP0002,34.5249045521207,134.306037425995,36
SHP0002,34.5249089717569,134.3061876297,37
SHP0002,34.5248426771901,134.306407570839,38
SHP0002,34.5247454450634,134.3065148592,39
SHP0002,34.5245112035648,134.306627511978,40
SHP0002,34.5242195056833,134.30664896965,41
SHP0002,34.5239499052177,134.306772351265,42
SHP0002,34.5237819569455,134.306944012642,43
SHP0002,34.5236007492194,134.307201504707,44
SHP0002,34.5233620847835,134.307464361191,45
SHP0002,34.523198555053,134.307566285133,46
SHP0002,34.5228184576822,134.307571649551,47
SHP0002,34.52263724786,134.307678937912,48
SHP0002,34.5225531845749,134.307861328125,49
SHP0002,34.5225355050177,134.307936429977,50
SHP0002,34.5225310851284,134.308108091354,51
SHP0002,34.5225465547409,134.308330714703,52
SHP0002,34.5225531845749,134.308435320854,53
SHP0002,34.5225421348516,134.308652579784,54
SHP0002,34.5225089856818,134.30882692337,55
SHP0002,34.522400698394,134.309062957764,56
SHP0002,34.5221553945377,134.30953502655,57
SHP0002,34.5220227978587,134.30983543396,58
SHP0002,34.5219675492424,134.31010633707,59
SHP0002,34.5219719691317,134.311015605927,60
SHP0002,34.5219631293531,134.311310648918,61
SHP0002,34.5219078807368,134.31154936552,62
SHP0002,34.5216139580983,134.312244057655,63
SHP0002,34.5213023559025,134.312917292118,64
SHP0002,34.5212205879504,134.313099682331,65
SHP0002,34.520862576917,134.313912391663,66
SHP0002,34.52071672057,134.314188659191,67
SHP0002,34.5205377150533,134.314446151257,68
SHP0002,34.5204073283189,134.314722418785,69
SHP0002,34.5199918587246,134.315422475338,70
SHP0002,34.5198636819348,134.315655827522,71
SHP0002,34.5197067758646,134.316141307354,72
SHP0002,34.519660367027,134.316436350346,73
SHP0002,34.5196515272484,134.316632151604,74
SHP0002,34.5196559471377,134.316664338112,75
SHP0002,34.5196824664735,134.316884279251,76
SHP0002,34.519742134979,134.317184686661,77
SHP0002,34.5197465548683,134.317380487919,78
SHP0002,34.5196824664735,134.317713081837,79
SHP0002,34.5196515272484,134.317933022976,80
SHP0002,34.5196471073591,134.31808590889,81
SHP0002,34.519660367027,134.31822270155,82
SHP0002,34.5198924112153,134.31884765625,83
SHP0002,34.5199542896655,134.319032728672,84
SHP0002,34.5200625769534,134.319233894348,85
SHP0002,34.5201487647948,134.319314360619,86
SHP0002,34.520299041031,134.319424331188,87
SHP0002,34.5205487647766,134.319579899311,88
SHP0002,34.5207100907361,134.319727420807,89
SHP0002,34.5207697592417,134.319917857647,90
SHP0002,34.5207763890756,134.320027828217,91
SHP0002,34.5207564995738,134.320121705532,92
SHP0002,34.5207255603486,134.320202171803,93
SHP0002,34.5206813614556,134.320285320282,94
SHP0002,34.520584123891,134.32040065527,95
SHP0002,34.5204780465478,134.320473074913,96
SHP0002,34.5203255603668,134.320556223392,97
SHP0002,34.5198791515474,134.320733249187,98
SHP0002,34.5191145106982,134.321057796478,99
SHP0002,34.518729980329,134.321210682392,100
SHP0002,34.5184692068602,134.321328699589,101
SHP0002,34.5183587096276,134.32143330574,102
SHP0002,34.5183078809007,134.321513772011,103
SHP0002,34.518261472063,134.32162374258,104
SHP0002,34.51821727317,134.321886599064,105
SHP0002,34.5181819140556,134.322042167187,106
SHP0002,34.5181001461035,134.3222245574,107
SHP0002,34.5179984886496,134.32230502367,108
SHP0002,34.5178570521919,134.32236135006,109
SHP0002,34.517653737284,134.322329163551,110
SHP0002,34.5174658919887,134.322310388088,111
SHP0002,34.5173134058078,134.322347939014,112
SHP0002,34.5171874389627,134.322420358658,113
SHP0002,34.5168581572097,134.322728812695,114
SHP0002,34.5166681019698,134.322820007801,115
SHP0002,34.5164935163424,134.322881698608,116
SHP0002,34.5160073285192,134.322948753834,117
SHP0002,34.5159100909545,134.322997033596,118
SHP0002,34.5158216931685,134.323058724403,119
SHP0002,34.5156448975964,134.323246479034,120
SHP0002,34.515609538482,134.323300123215,121
SHP0002,34.5155167107215,134.323447644711,122
SHP0002,34.5154172524066,134.323686361313,123
SHP0002,34.5153885200046,134.323761463165,124
SHP0002,34.5153686283416,134.323917031288,125
SHP0002,34.5153686283416,134.324024319649,126
SHP0002,34.5154260931457,134.324257671833,127
SHP0002,34.515609538482,134.324517846107,128
SHP0002,34.5156824666555,134.324630498886,129
SHP0002,34.5157310854378,134.324748516083,130
SHP0002,34.5157531848843,134.324858486652,131
SHP0002,34.5157399252164,134.324957728386,132
SHP0002,34.5157310854378,134.324997961521,133
SHP0002,34.5157134058806,134.325065016747,134
SHP0002,34.5156515274304,134.325177669525,135
SHP0002,34.515609538482,134.325212538242,136
SHP0002,34.5155432329388,134.32527422905,137
SHP0002,34.515384099635,134.325392246246,138
SHP0002,34.5152912718745,134.325480759144,139
SHP0002,34.5151232978316,134.325612187386,140
SHP0002,34.515001737669,134.325719475746,141
SHP0002,34.5148713367673,134.325858950615,142
SHP0002,34.5148138719632,134.325934052467,143
SHP0002,34.5146414775508,134.32622641325,144
SHP0002,34.5145154970186,134.326481223106,145
SHP0002,34.5144712933232,134.326559007168,146
SHP0002,34.5143629942692,134.326623380184,147
SHP0002,34.5142149118893,134.326658248901,148
SHP0002,34.5140889313572,134.326655566692,149
SHP0002,34.5139297980534,134.326593875885,150
SHP0002,34.5135496462722,134.326473176479,151
SHP0002,34.5130877176543,134.326312243938,152
SHP0002,34.5127738714163,134.326207637787,153
SHP0002,34.5123141529832,134.326057434082,154
SHP0002,34.5119958863757,134.325976967812,155
SHP0002,34.5119782048975,134.326111078262,156
SHP0002,34.5120356697016,134.326218366623,157
SHP0002,34.5122191150379,134.32630687952,158
SHP0002,34.5127252473513,134.326502680779,159
SHP0002,34.5128534380682,134.326569736004,160
SHP0002,34.5129352149049,134.32663410902,161
SHP0002,34.5130081510024,134.326733350754,162
SHP0002,34.5132048574474,134.327090084553,163
SHP0002,34.5134148250009,134.327411949635,164
SHP0002,34.5135584870113,134.327500462532,165
SHP0002,34.5136468944023,134.327538013458,166
SHP0002,34.513894435097,134.327607750893,167
SHP0002,34.5140823008028,134.327647984028,168
SHP0002,34.5141817591177,134.327653348446,169
SHP0002,34.5142900581716,134.327626526356,170
SHP0002,34.514393936856,134.327572882175,171
SHP0002,34.5146083247792,134.327428042889,172
SHP0002,34.5147298849418,134.327363669872,173
SHP0002,34.5149133302781,134.327304661274,174
SHP0002,34.5150680432123,134.327301979065,175
SHP0002,34.5154017811132,134.327323436737,176
SHP0002,34.5155653347865,134.327323436737,177
SHP0002,34.515609538482,134.327318072319,178
SHP0002,34.5156139583713,134.327318072319,179
SHP0002,34.5156625771536,134.327310025692,180
SHP0002,34.5157598147183,134.327256381512,181
SHP0002,34.5158614721722,134.327167868614,182
SHP0002,34.5162437925968,134.326701164246,183
SHP0002,34.5164117483903,134.326521456242,184
SHP0002,34.5165288754568,134.326414167881,185
SHP0002,34.5166681019698,134.32633638382,186
SHP0002,34.5172448975236,134.326068162918,187
SHP0002,34.5173089859185,134.326022565365,188
SHP0002,34.5174084334278,134.325893819332,189
SHP0002,34.5175344002729,134.325617551804,190
SHP0002,34.5175830190552,134.325529038906,191
SHP0002,34.5176736267859,134.325478076935,192
SHP0002,34.5177730742952,134.32549148798,193
SHP0002,34.5178327428007,134.325529038906,194
SHP0002,34.51793219031,134.325644373894,195
SHP0002,34.5181377151626,134.325923323631,196
SHP0002,34.5183476599044,134.326143264771,197
SHP0002,34.5185222455318,134.326213002205,198
SHP0002,34.5186658919341,134.326204955578,199
SHP0002,34.5187962786685,134.326162040234,200
SHP0002,34.5189377151261,134.326041340828,201
SHP0002,34.5191587095912,134.325716793537,202
SHP0002,34.5193001460489,134.325537085533,203
SHP0002,34.5194062233921,134.3254378438,204
SHP0002,34.5196117482446,134.325266182423,205
SHP0002,34.5196692068056,134.32524740696,206
SHP0002,34.519748764813,134.325260818005,207
SHP0002,34.5198106432632,134.325311779976,208
SHP0002,34.5198614719902,134.325459301472,209
SHP0002,34.5197951736507,134.32579189539,210
SHP0002,34.5198150631525,134.325995743275,211
SHP0002,34.5198703117688,134.32614594698,212
SHP0002,34.5200073283371,134.326274693012,213
SHP0002,34.5215167205336,134.327248334885,214
SHP0002,34.5216714166592,134.327331483364,215
SHP0002,34.5218548420652,134.327350258827,216
SHP0002,34.5221244553126,134.327224195004,217
SHP0002,34.5222349525451,134.327183961868,218
SHP0002,34.5223410298884,134.327170550823,219
SHP0002,34.5224250077851,134.327183961868,220
SHP0002,34.5226548420288,134.327307343483,221
SHP0002,34.5228029083204,134.32736903429,222
SHP0002,34.522862576826,134.327382445335,223
SHP0002,34.5229730740585,134.327358305454,224
SHP0002,34.5232139580255,134.327272474766,225
SHP0002,34.5237001458486,134.327132999897,226
SHP0002,34.5241421347788,134.327076673508,227
SHP0002,34.5244669966425,134.327068626881,228
SHP0002,34.5246614717717,134.327076673508,229
SHP0002,34.5248117316776,134.327087402344,230
SHP0002,34.5250017662644,134.327122271061,231
SHP0002,34.5252271561232,134.327165186405,232
SHP0002,34.5256911940678,134.327323436737,233
SHP0002,34.5258679704277,134.327422678471,234
SHP0002,34.5260999893999,134.327575564384,235
SHP0002,34.5262590881238,134.327650666237,236
SHP0002,34.5264424935971,134.327639937401,237
SHP0002,34.5265684467535,134.327650666237,238
SHP0002,34.526632528184,134.327717721462,239
SHP0002,34.5266745125694,134.327843785286,240
SHP0002,34.5266479961155,134.327964484692,241
SHP0002,34.5265220429591,134.328074455261,242
SHP0002,34.5264049286207,134.328055679798,243
SHP0002,34.5261486028989,134.327959120274,244
SHP0002,34.526016020629,134.327945709229,245
SHP0002,34.525479062436,134.327959120274,246
SHP0002,34.5253531092796,134.327980577946,247
SHP0002,34.5252382046457,134.328061044216,248
SHP0002,34.5250989932623,134.328197836876,249
SHP0002,34.5250017662644,134.328270256519,250
SHP0002,34.524884651926,134.328331947327,251
SHP0002,34.5247432308382,134.328364133835,252
SHP0002,34.5246614717717,134.328356087208,253
SHP0002,34.5241664441699,134.3282943964,254
SHP0002,34.5240979358858,134.328364133835,255
SHP0002,34.5240692066053,134.32848751545,256
SHP0002,34.5240736264946,134.32859480381,257
SHP0002,34.524115615443,134.328683316708,258
SHP0002,34.5241995933397,134.328734278679,259
SHP0002,34.5243100905722,134.328723549843,260
SHP0002,34.524431637528,134.328672587872,261
SHP0002,34.5245377148713,134.328651130199,262
SHP0002,34.5246614717717,134.328645765781,263
SHP0002,34.5247896346326,134.328659176826,264
SHP0002,34.5250017662644,134.328696727753,265
SHP0002,34.5259386809716,134.328871071339,266
SHP0002,34.5263739927577,134.328967630863,267
SHP0002,34.5265993826165,134.329069554806,268
SHP0002,34.5267164969549,134.329133927822,269
SHP0002,34.5268402404068,134.329211711884,270
SHP0002,34.527107614651,134.329407513142,271
SHP0002,34.5273263753963,134.329544305801,272
SHP0002,34.5273948762358,134.329584538937,273
SHP0002,34.5275119905742,134.329622089863,274
SHP0002,34.527719702797,134.329648911953,275
SHP0002,34.5278323977264,134.329638183117,276
SHP0002,34.5279760285188,134.329595267773,277
SHP0002,34.5282986453755,134.329442381859,278
SHP0002,34.5284135500094,134.329404830933,279
SHP0002,34.5284886799623,134.329391419888,280
SHP0002,34.5285616002107,134.32938605547,281
SHP0002,34.5289969119969,134.329402148724,282
SHP0002,34.5297172756632,134.329442381859,283
SHP0002,34.5298167123656,134.329461157322,284
SHP0002,34.529916149068,134.329501390457,285
SHP0002,34.5299890693165,134.329555034637,286
SHP0002,34.5300664089739,134.329654276371,287
SHP0002,34.5301039739504,134.329745471478,288
SHP0002,34.5301260709953,134.329833984375,289
SHP0002,34.5301658456763,134.330271184444,290
SHP0002,34.5301989912438,134.330367743969,291
SHP0002,34.5302520241517,134.330440163612,292
SHP0002,34.5304420587386,134.330590367317,293
SHP0002,34.5304774140105,134.330627918243,294
SHP0002,34.530523817805,134.330700337887,295
SHP0002,34.530559173077,134.330796897411,296
SHP0002,34.5306298836209,134.331175088882,297
SHP0002,34.5306784971199,134.331279695034,298
SHP0002,34.5307271106188,134.331341385841,299
SHP0002,34.5308265473212,134.331403076649,300
SHP0002,34.5309547101821,134.331464767456,301
SHP0002,34.5314165384222,134.331641793251,302
SHP0002,34.531628670054,134.331735670567,303
SHP0002,34.5317347358699,134.331791996956,304
SHP0002,34.5318098658228,134.331842958927,305
SHP0002,34.5319070928208,134.331931471825,306
SHP0002,34.5320219974546,134.332070946693,307
SHP0002,34.5324263733778,134.332628846169,308
SHP0002,34.5324926645127,134.332709312439,309
SHP0002,34.5325545362387,134.332773685455,310
SHP0002,34.5326429244186,134.332832694054,311
SHP0002,34.532751199939,134.332875609398,312
SHP0002,34.53279097462,134.332883656025,313
SHP0002,34.5328771530954,134.332880973816,314
SHP0002,34.5330031062518,134.33284342289,315
SHP0002,34.5332174475881,134.33276027441,316
SHP0002,34.5333345619265,134.332693219185,317
SHP0002,34.5334295792199,134.33262616396,318
SHP0002,34.5335334353313,134.332534968853,319
SHP0002,34.5337124213956,134.33232575655,320
SHP0002,34.5339267394343,134.332076311111,321
SHP0002,34.5340968681867,134.331845641136,322
SHP0002,34.5341498953303,134.331741034985,323
SHP0002,34.5342471117602,134.331496953964,324
SHP0002,34.5342802537249,134.331365525723,325
SHP0002,34.5343421187258,134.331014156342,326
SHP0002,34.5345100380138,134.329935908318,327
SHP0002,34.5345343421213,134.329833984375,328
SHP0002,34.534567484086,134.329726696014,329
SHP0002,34.5346448153371,134.329555034637,330
SHP0002,34.5346890046234,134.329477250576,331
SHP0002,34.5347597074815,134.329380691051,332
SHP0002,34.5350160053422,134.329120516777,333
SHP0002,34.5352369517738,134.328913986683,334
SHP0002,34.5353407965967,134.328782558441,335
SHP0002,34.5353695196328,134.328707456589,336
SHP0002,34.5353871953473,134.328565299511,337
SHP0002,34.5353695196328,134.328401684761,338
SHP0002,34.5353407965967,134.328283667564,339
SHP0002,34.5351839246302,134.327948391438,340
SHP0002,34.5351463637369,134.327846467495,341
SHP0002,34.5351176407008,134.327752590179,342
SHP0002,34.5350977555219,134.327629208565,343
SHP0002,34.5350933365933,134.327511191368,344
SHP0002,34.5351110123078,134.327358305454,345
SHP0002,34.5351485732012,134.327213466167,346
SHP0002,34.5352811410602,134.326913058758,347
SHP0002,34.5353385871324,134.326803088188,348
SHP0002,34.5353871953473,134.326687753201,349
SHP0002,34.5354225467764,134.326569736004,350
SHP0002,34.5354490603482,134.326432943344,351
SHP0002,34.53547557392,134.326103031635,352
SHP0002,34.5354998780275,134.326019883156,353
SHP0002,34.5355330199922,134.325963556767,354
SHP0002,34.5355794187428,134.325917959213,355
SHP0002,34.5356832635657,134.325912594795,356
SHP0002,34.5357296623163,134.32592600584,357
SHP0002,34.5357716421384,134.32595282793,358
SHP0002,34.5358047841031,134.325998425484,359
SHP0002,34.5358268787463,134.326065480709,360
SHP0002,34.5358312976749,134.326140582561,361
SHP0002,34.5358246692819,134.326207637787,362
SHP0002,34.5357605948168,134.326400756836,363
SHP0002,34.5355882566001,134.326840639114,364
SHP0002,34.5355396483851,134.327095448971,365
SHP0002,34.5355396483851,134.327285885811,366
SHP0002,34.5355772092785,134.327457547188,367
SHP0002,34.5356258174935,134.327599704266,368
SHP0002,34.5357716421384,134.327814280987,369
SHP0002,34.5361030617858,134.328251481056,370
SHP0002,34.5361848119655,134.328348040581,371
SHP0002,34.5362687716095,134.328423142433,372
SHP0002,34.5363659880394,134.328441917896,373
SHP0002,34.5364632044693,134.32840436697,374
SHP0002,34.5364941369698,134.328356087208,375
SHP0002,34.5365118126843,134.328302443027,376
SHP0002,34.5365184410772,134.328243434429,377
SHP0002,34.5365051842913,134.328157603741,378
SHP0002,34.5364764612552,134.328090548515,379
SHP0002,34.5364322719689,134.328026175499,380
SHP0002,34.5362223728589,134.327760636806,381
SHP0002,34.536160507858,134.327631890774,382
SHP0002,34.5361251564289,134.32753264904,383
SHP0002,34.536111899643,134.327323436737,384
SHP0002,34.5361207375003,134.327216148376,385
SHP0002,34.536167136251,134.326947927475,386
SHP0002,34.5362422580377,134.3267172575,387
SHP0002,34.5364963464341,134.326277375221,388
SHP0002,34.5365493735777,134.326140582561,389
SHP0002,34.5368056714383,134.325266182423,390
SHP0002,34.5368476512603,134.325089156628,391
SHP0002,34.5368542796533,134.324997961521,392
SHP0002,34.5368167187599,134.324839711189,393
SHP0002,34.5367857862595,134.324778020382,394
SHP0002,34.5365427451847,134.324453473091,395
SHP0002,34.5364366908975,134.324263036251,396
SHP0002,34.5361649267866,134.323680996895,397
SHP0002,34.5359837507127,134.323267936707,398
SHP0002,34.5359771223198,134.32320356369,399
SHP0002,34.535985960177,134.323141872883,400
SHP0002,34.5360367778563,134.323042631149,401
SHP0002,34.5360721292854,134.32301312685,402
SHP0002,34.5361163185717,134.322991669178,403
SHP0002,34.536209116073,134.322991669178,404
SHP0002,34.5362842378597,134.323053359985,405
SHP0002,34.5363085419672,134.323101639748,406
SHP0002,34.536328427146,134.323160648346,407
SHP0002,34.5363416839319,134.323241114616,408
SHP0002,34.5363593596465,134.32347714901,409
SHP0002,34.5363902921469,134.323643445969,410
SHP0002,34.5364366908975,134.32377487421,411
SHP0002,34.5364830896482,134.323876798153,412
SHP0002,34.5365361167918,134.323943853378,413
SHP0002,34.5367879957238,134.324187934399,414
SHP0002,34.53692940144,134.324289858341,415
SHP0002,34.5370730166206,134.324364960194,416
SHP0002,34.5373735037676,134.324421286583,417
SHP0002,34.5374243214469,134.324450790882,418
SHP0002,34.5375038621623,134.324533939362,419
SHP0002,34.5375281662697,134.324595630169,420
SHP0002,34.5375392135913,134.324670732021,421
SHP0002,34.5375347946627,134.324751198292,422
SHP0002,34.5374861864477,134.324922859669,423
SHP0002,34.537453044483,134.324997961521,424
SHP0002,34.537411064661,134.325140118599,425
SHP0002,34.5373978078751,134.325228631496,426
SHP0002,34.5373911794821,134.325311779976,427
SHP0002,34.5373978078751,134.325389564037,428
SHP0002,34.5374132741253,134.325480759144,429
SHP0002,34.5375237473411,134.325877726078,430
SHP0002,34.5375679366274,134.326070845127,431
SHP0002,34.5375966596635,134.326349794865,432
SHP0002,34.5375966596635,134.326510727406,433
SHP0002,34.5375701460917,134.326910376549,434
SHP0002,34.5375878218063,134.327039122581,435
SHP0002,34.5376099164494,134.32709813118,436
SHP0002,34.5376585246644,134.327181279659,437
SHP0002,34.5377203896652,134.327240288258,438
SHP0002,34.5379148225251,134.32731539011,439
SHP0002,34.5384075330676,134.327417314053,440
SHP0002,34.5384937021759,134.32742536068,441
SHP0002,34.5386152227133,134.32742536068,442
SHP0002,34.5387610473582,134.327406585217,443
SHP0002,34.5391631698637,134.327310025692,444
SHP0002,34.5392603862936,134.327304661274,445
SHP0002,34.5393244607588,134.327296614647,446
SHP0002,34.5394084204028,134.327304661274,447
SHP0002,34.5394857516539,134.327334165573,448
SHP0002,34.5395895964768,134.327393174171,449
SHP0002,34.539731002193,134.327521920204,450
SHP0002,34.5397906577295,134.327599704266,451
SHP0002,34.5399629959462,134.327768683434,452
SHP0002,34.540122077377,134.32785987854,453
SHP0002,34.540164057199,134.327875971794,454
SHP0002,34.540373956309,134.327894747257,455
SHP0002,34.5404932673821,134.327867925167,456
SHP0002,34.5406457204199,134.327782094479,457
SHP0002,34.5409241129238,134.327575564384,458
SHP0002,34.5413505395368,134.327229559422,459
SHP0002,34.5414521748953,134.327192008495,460
SHP0002,34.5415272966821,134.327181279659,461
SHP0002,34.5416687023983,134.327183961868,462
SHP0002,34.5419802368669,134.327200055122,463
SHP0002,34.5421017574043,134.327226877213,464
SHP0002,34.5421481561549,134.327237606049,465
SHP0002,34.542490623124,134.327411949635,466
SHP0002,34.5427623872348,134.327516555786,467
SHP0002,34.5428043624928,134.327529966831,468
SHP0002,34.5428971499053,134.327578246593,469
SHP0002,34.5430849339542,134.327739179134,470
SHP0002,34.5431335368845,134.327763319016,471
SHP0002,34.5432395796416,134.327787458897,472
SHP0002,34.5432837641237,134.327784776688,473
SHP0002,34.5433920161049,134.327755272388,474
SHP0002,34.5438294424777,134.327594339848,475
SHP0002,34.5439619959241,134.327546060085,476
SHP0002,34.5441011770427,134.327546060085,477
SHP0002,34.5441784998864,134.327567517757,478
SHP0002,34.5442514042819,134.327610433102,479
SHP0002,34.544337564022,134.32769626379,480
SHP0002,34.5443861669523,134.327776730061,481
SHP0002,34.5444193053139,134.327851831913,482
SHP0002,34.5444480252272,134.328031539917,483
SHP0002,34.5444281422103,134.328176379204,484
SHP0002,34.5443883761764,134.328299760818,485
SHP0002,34.5443243086773,134.328393638134,486
SHP0002,34.5442558227301,134.32845801115,487
SHP0002,34.5442028013516,134.328492879868,488
SHP0002,34.544107804715,134.328533113003,489
SHP0002,34.5436504953252,134.328661859035,490
SHP0002,34.5434848035173,134.32867795229,491
SHP0002,34.5432660903309,134.328680634499,492
SHP0002,34.5431887674872,134.32870477438,493
SHP0002,34.5431202815399,134.328753054142,494
SHP0002,34.5430650509373,134.328828155994,495
SHP0002,34.5430341217998,134.328911304474,496
SHP0002,34.5430120295588,134.329040050507,497
SHP0002,34.5429877280936,134.32935655117,498
SHP0002,34.5429590081802,134.329522848129,499
SHP0002,34.5429081960258,134.329689145088,500
SHP0002,34.5428397100785,134.329833984375,501
SHP0002,34.5427623872348,134.329946637154,502
SHP0002,34.542658542412,134.330056607723,503
SHP0002,34.5423735215152,134.330279231071,504
SHP0002,34.5422873524069,134.330389201641,505
SHP0002,34.5422520009778,134.33047503233,506
SHP0002,34.5422365347276,134.330574274063,507
SHP0002,34.5422564199064,134.330700337887,508
SHP0002,34.5422895618712,134.330770075321,509
SHP0002,34.542351426872,134.330845177174,510
SHP0002,34.5424110824086,134.330885410309,511
SHP0002,34.5424398054447,134.330893456936,512
SHP0002,34.5425082988385,134.330901503563,513
SHP0002,34.542567954375,134.330896139145,514
SHP0002,34.5426342383045,134.330869317055,515
SHP0002,34.5426806370551,134.330837130547,516
SHP0002,34.5427159884842,134.330791532993,517
SHP0002,34.5427623872348,134.330705702305,518
SHP0002,34.542881691737,134.330295324326,519
SHP0002,34.5431335562355,134.330096840858,520
SHP0002,34.5433500707214,134.330070018768,521
SHP0002,34.543654957512,134.329968094826,522
SHP0002,34.5440570528759,134.3299305439,523
SHP0002,34.5442647277426,134.329866170883,524
SHP0002,34.5444944950764,134.329909086227,525
SHP0002,34.5445805786736,134.329989552498,526
SHP0002,34.5446424369485,134.330070018768,527
SHP0002,34.5446998767753,134.330115616322,528
SHP0002,34.5447440612574,134.330129027367,529
SHP0002,34.5447882457395,134.330131709576,530
SHP0002,34.5448501040144,134.330118298531,531
SHP0002,34.5449583559956,134.330056607723,532
SHP0002,34.54500916815,134.330043196678,533
SHP0002,34.5450688172009,134.330061972141,534
SHP0002,34.545154976941,134.330142438412,535
SHP0002,34.5452013706472,134.330198764801,536
SHP0002,34.5452455551293,134.330273866653,537
SHP0002,34.5452985765078,134.330308735371,538
SHP0002,34.5454885697809,134.330357015133,539
SHP0002,34.5455438003835,134.330402612686,540
SHP0002,34.545554846504,134.330456256866,541
SHP0002,34.5455438003835,134.330515265465,542
SHP0002,34.5455150804701,134.330560863018,543
SHP0002,34.5454731052121,134.330574274063,544
SHP0002,34.5454245022818,134.330566227436,545
SHP0002,34.545386945472,134.330547451973,546
SHP0002,34.5452521828016,134.330472350121,547
SHP0002,34.545196952199,134.330429434776,548
SHP0002,34.5450754448732,134.330383837223,549
SHP0002,34.5450202142705,134.330383837223,550
SHP0002,34.5449694021161,134.330399930477,551
SHP0002,34.5449185899617,134.330458939075,552
SHP0002,34.5448964977206,134.330531358719,553
SHP0002,34.5449053346171,134.33060914278,554
SHP0002,34.5449207991858,134.330649375916,555
SHP0002,34.5449627744438,134.330678880215,556
SHP0002,34.5451660230615,134.33077275753,557
SHP0002,34.5451925337508,134.330807626247,558
SHP0002,34.5452256721123,134.330885410309,559
SHP0002,34.5452057890954,134.331091940403,560
SHP0002,34.5451704415097,134.331636428833,561
SHP0002,34.5451660230615,134.331931471825,562
SHP0002,34.5452212536641,134.332143366337,563
SHP0002,34.5452941580596,134.332309663296,564
SHP0002,34.545386945472,134.332486689091,565
SHP0002,34.5454134561613,134.332551062107,566
SHP0002,34.5454002008167,134.332612752914,567
SHP0002,34.5453714809033,134.332655668259,568
SHP0002,34.5453140410766,134.332655668259,569
SHP0002,34.5452720658186,134.332631528378,570
SHP0002,34.5452367182329,134.332585930824,571
SHP0002,34.5451417215963,134.332400858402,572
SHP0002,34.5449649836679,134.332119226456,573
SHP0002,34.5448302209975,134.331915378571,574
SHP0002,34.5447528981538,134.331859052181,575
SHP0002,34.5446623199655,134.33186173439,576
SHP0002,34.5446137170352,134.331880509853,577
SHP0002,34.5445739510013,134.331910014153,578
SHP0002,34.5445452310879,134.331942200661,579
SHP0002,34.5445231388468,134.332017302513,580
SHP0002,34.5445253480709,134.33213531971,581
SHP0002,34.5445408126397,134.33221578598,582
SHP0002,34.54458941557,134.332371354103,583
SHP0002,34.5446225539316,134.332510828972,584
SHP0002,34.544715341344,134.333074092865,585
SHP0002,34.544757316602,134.333205521107,586
SHP0002,34.5448280117734,134.33333158493,587
SHP0002,34.5449097530653,134.333454966545,588
SHP0002,34.5449738205643,134.333567619324,589
SHP0002,34.5449892851331,134.333613216877,590
SHP0002,34.5450312603911,134.333878755569,591
SHP0002,34.5450688172009,134.334863126278,592
SHP0002,34.5451063740107,134.335235953331,593
SHP0002,34.5451019555624,134.335321784019,594
SHP0002,34.5450820725455,134.335386157036,595
SHP0002,34.5450621895285,134.335404932499,596
SHP0002,34.5450356788393,134.335415661335,597
SHP0002,34.5449782390125,134.33540225029,598
SHP0002,34.5449296360822,134.335364699364,599
SHP0002,34.5449097530653,134.335327148438,600
SHP0002,34.5449009161688,134.335286915302,601
SHP0002,34.5448655685832,134.335201084614,602
SHP0002,34.5448081287564,134.33496773243,603
SHP0002,34.5447860365154,134.334914088249,604
SHP0002,34.5447528981538,134.334879219532,605
SHP0002,34.5447175505681,134.334868490696,606
SHP0002,34.5446402277244,134.334906041622,607
SHP0002,34.5446181354834,134.334940910339,608
SHP0002,34.5446004616905,134.335066974163,609
SHP0002,34.5445938340182,134.33521181345,610
SHP0002,34.5446004616905,134.335316419601,611
SHP0002,34.544631390828,134.335421025753,612
SHP0002,34.5447175505681,134.335581958294,613
SHP0002,34.5447661534984,134.335638284683,614
SHP0002,34.544883242376,134.335804581642,615
SHP0002,34.5449296360822,134.33589309454,616
SHP0002,34.5449428914269,134.335944056511,617
SHP0002,34.5449296360822,134.335995018482,618
SHP0002,34.5449141715135,134.336021840572,619
SHP0002,34.5448545224626,134.336067438126,620
SHP0002,34.5447484797056,134.336113035679,621
SHP0002,34.5445076742781,134.336185455322,622
SHP0002,34.5444038407451,134.336209595203,623
SHP0002,34.5442315212649,134.33627396822,624
SHP0002,34.5441586168694,134.336316883564,625
SHP0002,34.5440371095437,134.336426854134,626
SHP0002,34.5439730420446,134.336515367031,627
SHP0002,34.5439089745455,134.336630702019,628
SHP0002,34.5438117686849,134.336780905724,629
SHP0002,34.5438007225644,134.336826503277,630
SHP0002,34.5438007225644,134.336888194084,631
SHP0002,34.5438051410126,134.336923062801,632
SHP0002,34.5438382793742,134.337000846863,633
SHP0002,34.5440812940258,134.337397813797,634
SHP0002,34.5441541984212,134.337550699711,635
SHP0002,34.5441762906623,134.337703585625,636
SHP0002,34.5441873367828,134.337813556194,637
SHP0002,34.5441851275587,134.337953031063,638
SHP0002,34.544149779973,134.338189065456,639
SHP0002,34.5440371095437,134.338634312153,640
SHP0002,34.544001761958,134.338746964931,641
SHP0002,34.5439575774759,134.338958859444,642
SHP0002,34.5439465313553,134.339007139206,643
SHP0002,34.5439443221312,134.33910369873,644
SHP0002,34.5439642051482,134.339299499989,645
SHP0002,34.5440945493704,134.339913725853,646
SHP0002,34.5441055954909,134.339964687824,647
SHP0002,34.5442558227301,134.3408203125,648
SHP0002,34.5442734965229,134.340938329697,649
SHP0002,34.5442779149711,134.341313838959,650
SHP0002,34.5442870102425,134.341520491982,651
SHP0002,34.5442933795399,134.34166520834,652
SHP0002,34.5443022164363,134.341987073421,653
SHP0002,34.5443044256604,134.342051446438,654
SHP0002,34.5443022164363,134.342177510262,655
SHP0002,34.5442933795399,134.342239201069,656
SHP0002,34.5442491950578,134.342349171638,657
SHP0002,34.544211638248,134.342416226864,658
SHP0002,34.5441254785079,134.342504739761,659
SHP0002,34.5437963041162,134.342612028122,660
SHP0002,34.5433213209335,134.342778325081,661
SHP0002,34.5433036471407,134.342858791351,662
SHP0002,34.5432837641237,134.343043863773,663
SHP0002,34.543268299555,134.343389868736,664
SHP0002,34.5432749272273,134.343491792679,665
SHP0002,34.5430694693855,134.343523979187,666
SHP0002,34.5430319125757,134.343537390232,667
SHP0002,34.542954589732,134.343561530113,668
SHP0002,34.5427623872348,134.343620538712,669
SHP0003,34.544574029775,134.341431856155,1
SHP0003,34.5442870102425,134.341520491982,2
SHP0003,34.5442779149711,134.341313838959,3
SHP0003,34.5442734965229,134.340938329697,4
SHP0003,34.5442558227301,134.3408203125,5
SHP0003,34.5441055954909,134.339964687824,6
SHP0003,34.5440945493704,134.339913725853,7
SHP0003,34.5439642051482,134.339299499989,8
SHP0003,34.5439443221312,134.33910369873,9
SHP0003,34.5439465313553,134.339007139206,10
SHP0003,34.5439575774759,134.338958859444,11
SHP0003,34.544001761958,134.338746964931,12
SHP0003,34.5440371095437,134.338634312153,13
SHP0003,34.544149779973,134.338189065456,14
SHP0003,34.5441851275587,134.337953031063,15
SHP0003,34.5441873367828,134.337813556194,16
SHP0003,34.5441762906623,134.337703585625,17
SHP0003,34.5441541984212,134.337550699711,18
SHP0003,34.5440812940258,134.337397813797,19
SHP0003,34.5438382793742,134.337000846863,20
SHP0003,34.5438051410126,134.336923062801,21
SHP0003,34.5438007225644,134.336888194084,22
SHP0003,34.5438007225644,134.336826503277,23
SHP0003,34.5438117686849,134.336780905724,24
SHP0003,34.5439089745455,134.336630702019,25
SHP0003,34.5439730420446,134.336515367031,26
SHP0003,34.5440371095437,134.336426854134,27
SHP0003,34.5441586168694,134.336316883564,28
SHP0003,34.5442315212649,134.33627396822,29
SHP0003,34.5444038407451,134.336209595203,30
SHP0003,34.5445076742781,134.336185455322,31
SHP0003,34.5447484797056,134.336113035679,32
SHP0003,34.5448545224626,134.336067438126,33
SHP0003,34.5449141715135,134.336021840572,34
SHP0003,34.5449296360822,134.335995018482,35
SHP0003,34.5449428914269,134.335944056511,36
SHP0003,34.5449296360822,134.33589309454,37
SHP0003,34.544883242376,134.335804581642,38
SHP0003,34.5447661534984,134.335638284683,39
SHP0003,34.5447175505681,134.335581958294,40
SHP0003,34.544631390828,134.335421025753,41
SHP0003,34.5446004616905,134.335316419601,42
SHP0003,34.5445938340182,134.33521181345,43
SHP0003,34.5446004616905,134.335066974163,44
SHP0003,34.5446181354834,134.334940910339,45
SHP0003,34.5446402277244,134.334906041622,46
SHP0003,34.5447175505681,134.334868490696,47
SHP0003,34.5447528981538,134.334879219532,48
SHP0003,34.5447860365154,134.334914088249,49
SHP0003,34.5448081287564,134.33496773243,50
SHP0003,34.5448655685832,134.335201084614,51
SHP0003,34.5449009161688,134.335286915302,52
SHP0003,34.5449097530653,134.335327148438,53
SHP0003,34.5449296360822,134.335364699364,54
SHP0003,34.5449782390125,134.33540225029,55
SHP0003,34.5450356788393,134.335415661335,56
SHP0003,34.5450621895285,134.335404932499,57
SHP0003,34.5450820725455,134.335386157036,58
SHP0003,34.5451019555624,134.335321784019,59
SHP0003,34.5451063740107,134.335235953331,60
SHP0003,34.5450688172009,134.334863126278,61
SHP0003,34.5450312603911,134.333878755569,62
SHP0003,34.5449892851331,134.333613216877,63
SHP0003,34.5449738205643,134.333567619324,64
SHP0003,34.5449097530653,134.333454966545,65
SHP0003,34.5448280117734,134.33333158493,66
SHP0003,34.544757316602,134.333205521107,67
SHP0003,34.544715341344,134.333074092865,68
SHP0003,34.5446225539316,134.332510828972,69
SHP0003,34.54458941557,134.332371354103,70
SHP0003,34.5445408126397,134.33221578598,71
SHP0003,34.5445253480709,134.33213531971,72
SHP0003,34.5445231388468,134.332017302513,73
SHP0003,34.5445452310879,134.331942200661,74
SHP0003,34.5445739510013,134.331910014153,75
SHP0003,34.5446137170352,134.331880509853,76
SHP0003,34.5446623199655,134.33186173439,77
SHP0003,34.5447528981538,134.331859052181,78
SHP0003,34.5448302209975,134.331915378571,79
SHP0003,34.5449649836679,134.332119226456,80
SHP0003,34.5451417215963,134.332400858402,81
SHP0003,34.5452367182329,134.332585930824,82
SHP0003,34.5452720658186,134.332631528378,83
SHP0003,34.5453140410766,134.332655668259,84
SHP0003,34.5453714809033,134.332655668259,85
SHP0003,34.5454002008167,134.332612752914,86
SHP0003,34.5454134561613,134.332551062107,87
SHP0003,34.545386945472,134.332486689091,88
SHP0003,34.5452941580596,134.332309663296,89
SHP0003,34.5452212536641,134.332143366337,90
SHP0003,34.5451660230615,134.331931471825,91
SHP0003,34.5451704415097,134.331636428833,92
SHP0003,34.5452057890954,134.331091940403,93
SHP0003,34.5452256721123,134.330885410309,94
SHP0003,34.5451925337508,134.330807626247,95
SHP0003,34.5451660230615,134.33077275753,96
SHP0003,34.5449627744438,134.330678880215,97
SHP0003,34.5449207991858,134.330649375916,98
SHP0003,34.5449053346171,134.33060914278,99
SHP0003,34.5448964977206,134.330531358719,100
SHP0003,34.5449185899617,134.330458939075,101
SHP0003,34.5449694021161,134.330399930477,102
SHP0003,34.5450202142705,134.330383837223,103
SHP0003,34.5450754448732,134.330383837223,104
SHP0003,34.545196952199,134.330429434776,105
SHP0003,34.5452521828016,134.330472350121,106
SHP0003,34.545386945472,134.330547451973,107
SHP0003,34.5454245022818,134.330566227436,108
SHP0003,34.5454731052121,134.330574274063,109
SHP0003,34.5455150804701,134.330560863018,110
SHP0003,34.5455438003835,134.330515265465,111
SHP0003,34.545554846504,134.330456256866,112
SHP0003,34.5455438003835,134.330402612686,113
SHP0003,34.5454885697809,134.330357015133,114
SHP0003,34.5452985765078,134.330308735371,115
SHP0003,34.5452455551293,134.330273866653,116
SHP0003,34.5452013706472,134.330198764801,117
SHP0003,34.545154976941,134.330142438412,118
SHP0003,34.5450688172009,134.330061972141,119
SHP0003,34.54500916815,134.330043196678,120
SHP0003,34.5449583559956,134.330056607723,121
SHP0003,34.5448501040144,134.330118298531,122
SHP0003,34.5447882457395,134.330131709576,123
SHP0003,34.5447440612574,134.330129027367,124
SHP0003,34.5446998767753,134.330115616322,125
SHP0003,34.5446424369485,134.330070018768,126
SHP0003,34.5445805786736,134.329989552498,127
SHP0003,34.5444944950764,134.329909086227,128
SHP0003,34.5442647277426,134.329866170883,129
SHP0003,34.5440570528759,134.3299305439,130
SHP0003,34.543654957512,134.329968094826,131
SHP0003,34.5433500707214,134.330070018768,132
SHP0003,34.5431335562355,134.330096840858,133
SHP0003,34.542881691737,134.330295324326,134
SHP0003,34.5427623872348,134.330705702305,135
SHP0003,34.5427159884842,134.330791532993,136
SHP0003,34.5426806370551,134.330837130547,137
SHP0003,34.5426342383045,134.330869317055,138
SHP0003,34.542567954375,134.330896139145,139
SHP0003,34.5425082988385,134.330901503563,140
SHP0003,34.5424398054447,134.330893456936,141
SHP0003,34.5424110824086,134.330885410309,142
SHP0003,34.542351426872,134.330845177174,143
SHP0003,34.5422895618712,134.330770075321,144
SHP0003,34.5422564199064,134.330700337887,145
SHP0003,34.5422365347276,134.330574274063,146
SHP0003,34.5422520009778,134.33047503233,147
SHP0003,34.5422873524069,134.330389201641,148
SHP0003,34.5423735215152,134.330279231071,149
SHP0003,34.542658542412,134.330056607723,150
SHP0003,34.5427623872348,134.329946637154,151
SHP0003,34.5428397100785,134.329833984375,152
SHP0003,34.5429081960258,134.329689145088,153
SHP0003,34.5429590081802,134.329522848129,154
SHP0003,34.5429877280936,134.32935655117,155
SHP0003,34.5430120295588,134.329040050507,156
SHP0003,34.5430341217998,134.328911304474,157
SHP0003,34.5430650509373,134.328828155994,158
SHP0003,34.5431202815399,134.328753054142,159
SHP0003,34.5431887674872,134.32870477438,160
SHP0003,34.5432660903309,134.328680634499,161
SHP0003,34.5434848035173,134.32867795229,162
SHP0003,34.5436504953252,134.328661859035,163
SHP0003,34.544107804715,134.328533113003,164
SHP0003,34.5442028013516,134.328492879868,165
SHP0003,34.5442558227301,134.32845801115,166
SHP0003,34.5443243086773,134.328393638134,167
SHP0003,34.5443883761764,134.328299760818,168
SHP0003,34.5444281422103,134.328176379204,169
SHP0003,34.5444480252272,134.328031539917,170
SHP0003,34.5444193053139,134.327851831913,171
SHP0003,34.5443861669523,134.327776730061,172
SHP0003,34.544337564022,134.32769626379,173
SHP0003,34.5442514042819,134.327610433102,174
SHP0003,34.5441784998864,134.327567517757,175
SHP0003,34.5441011770427,134.327546060085,176
SHP0003,34.5439619959241,134.327546060085,177
SHP0003,34.5438294424777,134.327594339848,178
SHP0003,34.5433920161049,134.327755272388,179
SHP0003,34.5432837641237,134.327784776688,180
SHP0003,34.5432395796416,134.327787458897,181
SHP0003,34.5431335368845,134.327763319016,182
SHP0003,34.5430849339542,134.327739179134,183
SHP0003,34.5428971499053,134.327578246593,184
SHP0003,34.5428043624928,134.327529966831,185
SHP0003,34.5427623872348,134.327516555786,186
SHP0003,34.542490623124,134.327411949635,187
SHP0003,34.5421481561549,134.327237606049,188
SHP0003,34.5421017574043,134.327226877213,189
SHP0003,34.5419802368669,134.327200055122,190
SHP0003,34.5416687023983,134.327183961868,191
SHP0003,34.5415272966821,134.327181279659,192
SHP0003,34.5414521748953,134.327192008495,193
SHP0003,34.5413505395368,134.327229559422,194
SHP0003,34.5409241129238,134.327575564384,195
SHP0003,34.5406457204199,134.327782094479,196
SHP0003,34.5404932673821,134.327867925167,197
SHP0003,34.540373956309,134.327894747257,198
SHP0003,34.540164057199,134.327875971794,199
SHP0003,34.540122077377,134.32785987854,200
SHP0003,34.5399629959462,134.327768683434,201
SHP0003,34.5397906577295,134.327599704266,202
SHP0003,34.539731002193,134.327521920204,203
SHP0003,34.5395895964768,134.327393174171,204
SHP0003,34.5394857516539,134.327334165573,205
SHP0003,34.5394084204028,134.327304661274,206
SHP0003,34.5393244607588,134.327296614647,207
SHP0003,34.5392603862936,134.327304661274,208
SHP0003,34.5391631698637,134.327310025692,209
SHP0003,34.5387610473582,134.327406585217,210
SHP0003,34.5386152227133,134.32742536068,211
SHP0003,34.5384937021759,134.32742536068,212
SHP0003,34.5384075330676,134.327417314053,213
SHP0003,34.5379148225251,134.32731539011,214
SHP0003,34.5377203896652,134.327240288258,215
SHP0003,34.5376585246644,134.327181279659,216
SHP0003,34.5376099164494,134.32709813118,217
SHP0003,34.5375878218063,134.327039122581,218
SHP0003,34.5375701460917,134.326910376549,219
SHP0003,34.5375966596635,134.326510727406,220
SHP0003,34.5375966596635,134.326349794865,221
SHP0003,34.5375679366274,134.326070845127,222
SHP0003,34.5375237473411,134.325877726078,223
SHP0003,34.5374132741253,134.325480759144,224
SHP0003,34.5373978078751,134.325389564037,225
SHP0003,34.5373911794821,134.325311779976,226
SHP0003,34.5373978078751,134.325228631496,227
SHP0003,34.537411064661,134.325140118599,228
SHP0003,34.537453044483,134.324997961521,229
SHP0003,34.5374861864477,134.324922859669,230
SHP0003,34.5375347946627,134.324751198292,231
SHP0003,34.5375392135913,134.324670732021,232
SHP0003,34.5375281662697,134.324595630169,233
SHP0003,34.5375038621623,134.324533939362,234
SHP0003,34.5374243214469,134.324450790882,235
SHP0003,34.5373735037676,134.324421286583,236
SHP0003,34.5370730166206,134.324364960194,237
SHP0003,34.53692940144,134.324289858341,238
SHP0003,34.5367879957238,134.324187934399,239
SHP0003,34.5365361167918,134.323943853378,240
SHP0003,34.5364830896482,134.323876798153,241
SHP0003,34.5364366908975,134.32377487421,242
SHP0003,34.5363902921469,134.323643445969,243
SHP0003,34.5363593596465,134.32347714901,244
SHP0003,34.5363416839319,134.323241114616,245
SHP0003,34.536328427146,134.323160648346,246
SHP0003,34.5363085419672,134.323101639748,247
SHP0003,34.5362842378597,134.323053359985,248
SHP0003,34.536209116073,134.322991669178,249
SHP0003,34.5361163185717,134.322991669178,250
SHP0003,34.5360721292854,134.32301312685,251
SHP0003,34.5360367778563,134.323042631149,252
SHP0003,34.535985960177,134.323141872883,253
SHP0003,34.5359771223198,134.32320356369,254
SHP0003,34.5359837507127,134.323267936707,255
SHP0003,34.5361649267866,134.323680996895,256
SHP0003,34.5364366908975,134.324263036251,257
SHP0003,34.5365427451847,134.324453473091,258
SHP0003,34.5367857862595,134.324778020382,259
SHP0003,34.5368167187599,134.324839711189,260
SHP0003,34.5368542796533,134.324997961521,261
SHP0003,34.5368476512603,134.325089156628,262
SHP0003,34.5368056714383,134.325266182423,263
SHP0003,34.5365493735777,134.326140582561,264
SHP0003,34.5364963464341,134.326277375221,265
SHP0003,34.5362422580377,134.3267172575,266
SHP0003,34.536167136251,134.326947927475,267
SHP0003,34.5361207375003,134.327216148376,268
SHP0003,34.536111899643,134.327323436737,269
SHP0003,34.5361251564289,134.32753264904,270
SHP0003,34.536160507858,134.327631890774,271
SHP0003,34.5362223728589,134.327760636806,272
SHP0003,34.5364322719689,134.328026175499,273
SHP0003,34.5364764612552,134.328090548515,274
SHP0003,34.5365051842913,134.328157603741,275
SHP0003,34.5365184410772,134.328243434429,276
SHP0003,34.5365118126843,134.328302443027,277
SHP0003,34.5364941369698,134.328356087208,278
SHP0003,34.5364632044693,134.32840436697,279
SHP0003,34.5363659880394,134.328441917896,280
SHP0003,34.5362687716095,134.328423142433,281
SHP0003,34.5361848119655,134.328348040581,282
SHP0003,34.5361030617858,134.328251481056,283
SHP0003,34.5357716421384,134.327814280987,284
SHP0003,34.5356258174935,134.327599704266,285
SHP0003,34.5355772092785,134.327457547188,286
SHP0003,34.5355396483851,134.327285885811,287
SHP0003,34.5355396483851,134.327095448971,288
SHP0003,34.5355882566001,134.326840639114,289
SHP0003,34.5357605948168,134.326400756836,290
SHP0003,34.5358246692819,134.326207637787,291
SHP0003,34.5358312976749,134.326140582561,292
SHP0003,34.5358268787463,134.326065480709,293
SHP0003,34.5358047841031,134.325998425484,294
SHP0003,34.5357716421384,134.32595282793,295
SHP0003,34.5357296623163,134.32592600584,296
SHP0003,34.5356832635657,134.325912594795,297
SHP0003,34.5355794187428,134.325917959213,298
SHP0003,34.5355330199922,134.325963556767,299
SHP0003,34.5354998780275,134.326019883156,300
SHP0003,34.53547557392,134.326103031635,301
SHP0003,34.5354490603482,134.326432943344,302
SHP0003,34.5354225467764,134.326569736004,303
SHP0003,34.5353871953473,134.326687753201,304
SHP0003,34.5353385871324,134.326803088188,305
SHP0003,34.5352811410602,134.326913058758,306
SHP0003,34.5351485732012,134.327213466167,307
SHP0003,34.5351110123078,134.327358305454,308
SHP0003,34.5350933365933,134.327511191368,309
SHP0003,34.5350977555219,134.327629208565,310
SHP0003,34.5351176407008,134.327752590179,311
SHP0003,34.5351463637369,134.327846467495,312
SHP0003,34.5351839246302,134.327948391438,313
SHP0003,34.5353407965967,134.328283667564,314
SHP0003,34.5353695196328,134.328401684761,315
SHP0003,34.5353871953473,134.328565299511,316
SHP0003,34.5353695196328,134.328707456589,317
SHP0003,34.5353407965967,134.328782558441,318
SHP0003,34.5352369517738,134.328913986683,319
SHP0003,34.5350160053422,134.329120516777,320
SHP0003,34.5347597074815,134.329380691051,321
SHP0003,34.5346890046234,134.329477250576,322
SHP0003,34.5346448153371,134.329555034637,323
SHP0003,34.534567484086,134.329726696014,324
SHP0003,34.5345343421213,134.329833984375,325
SHP0003,34.5345100380138,134.329935908318,326
SHP0003,34.5343421187258,134.331014156342,327
SHP0003,34.5342802537249,134.331365525723,328
SHP0003,34.5342471117602,134.331496953964,329
SHP0003,34.5341498953303,134.331741034985,330
SHP0003,34.5340968681867,134.331845641136,331
SHP0003,34.5339267394343,134.332076311111,332
SHP0003,34.5337124213956,134.33232575655,333
SHP0003,34.5335334353313,134.332534968853,334
SHP0003,34.5334295792199,134.33262616396,335
SHP0003,34.5333345619265,134.332693219185,336
SHP0003,34.5332174475881,134.33276027441,337
SHP0003,34.5330031062518,134.33284342289,338
SHP0003,34.5328771530954,134.332880973816,339
SHP0003,34.53279097462,134.332883656025,340
SHP0003,34.532751199939,134.332875609398,341
SHP0003,34.5326429244186,134.332832694054,342
SHP0003,34.5325545362387,134.332773685455,343
SHP0003,34.5324926645127,134.332709312439,344
SHP0003,34.5324263733778,134.332628846169,345
SHP0003,34.5320219974546,134.332070946693,346
SHP0003,34.5319070928208,134.331931471825,347
SHP0003,34.5318098658228,134.331842958927,348
SHP0003,34.5317347358699,134.331791996956,349
SHP0003,34.531628670054,134.331735670567,350
SHP0003,34.5314165384222,134.331641793251,351
SHP0003,34.5309547101821,134.331464767456,352
SHP0003,34.5308265473212,134.331403076649,353
SHP0003,34.5307271106188,134.331341385841,354
SHP0003,34.5306784971199,134.331279695034,355
SHP0003,34.5306298836209,134.331175088882,356
SHP0003,34.530559173077,134.330796897411,357
SHP0003,34.530523817805,134.330700337887,358
SHP0003,34.5304774140105,134.330627918243,359
SHP0003,34.5304420587386,134.330590367317,360
SHP0003,34.5302520241517,134.330440163612,361
SHP0003,34.5301989912438,134.330367743969,362
SHP0003,34.5301658456763,134.330271184444,363
SHP0003,34.5301260709953,134.329833984375,364
SHP0003,34.5301039739504,134.329745471478,365
SHP0003,34.5300664089739,134.329654276371,366
SHP0003,34.5299890693165,134.329555034637,367
SHP0003,34.529916149068,134.329501390457,368
SHP0003,34.5298167123656,134.329461157322,369
SHP0003,34.5297172756632,134.329442381859,370
SHP0003,34.5289969119969,134.329402148724,371
SHP0003,34.5285616002107,134.32938605547,372
SHP0003,34.5284886799623,134.329391419888,373
SHP0003,34.5284135500094,134.329404830933,374
SHP0003,34.5282986453755,134.329442381859,375
SHP0003,34.5279760285188,134.329595267773,376
SHP0003,34.5278323977264,134.329638183117,377
SHP0003,34.527719702797,134.329648911953,378
SHP0003,34.5275119905742,134.329622089863,379
SHP0003,34.5273948762358,134.329584538937,380
SHP0003,34.5273263753963,134.329544305801,381
SHP0003,34.527107614651,134.329407513142,382
SHP0003,34.5268402404068,134.329211711884,383
SHP0003,34.5267164969549,134.329133927822,384
SHP0003,34.5265993826165,134.329069554806,385
SHP0003,34.5263739927577,134.328967630863,386
SHP0003,34.5259386809716,134.328871071339,387
SHP0003,34.5250017662644,134.328696727753,388
SHP0003,34.5247896346326,134.328659176826,389
SHP0003,34.5246614717717,134.328645765781,390
SHP0003,34.5245377148713,134.328651130199,391
SHP0003,34.524431637528,134.328672587872,392
SHP0003,34.5243100905722,134.328723549843,393
SHP0003,34.5241995933397,134.328734278679,394
SHP0003,34.524115615443,134.328683316708,395
SHP0003,34.5240736264946,134.32859480381,396
SHP0003,34.5240692066053,134.32848751545,397
SHP0003,34.5240979358858,134.328364133835,398
SHP0003,34.5241664441699,134.3282943964,399
SHP0003,34.5246614717717,134.328356087208,400
SHP0003,34.5247432308382,134.328364133835,401
SHP0003,34.524884651926,134.328331947327,402
SHP0003,34.5250017662644,134.328270256519,403
SHP0003,34.5250989932623,134.328197836876,404
SHP0003,34.5252382046457,134.328061044216,405
SHP0003,34.5253531092796,134.327980577946,406
SHP0003,34.525479062436,134.327959120274,407
SHP0003,34.526016020629,134.327945709229,408
SHP0003,34.5261486028989,134.327959120274,409
SHP0003,34.5264049286207,134.328055679798,410
SHP0003,34.5265220429591,134.328074455261,411
SHP0003,34.5266479961155,134.327964484692,412
SHP0003,34.5266745125694,134.327843785286,413
SHP0003,34.526632528184,134.327717721462,414
SHP0003,34.5265684467535,134.327650666237,415
SHP0003,34.5264424935971,134.327639937401,416
SHP0003,34.5262590881238,134.327650666237,417
SHP0003,34.5260999893999,134.327575564384,418
SHP0003,34.5258679704277,134.327422678471,419
SHP0003,34.5256911940678,134.327323436737,420
SHP0003,34.5252271561232,134.327165186405,421
SHP0003,34.5250017662644,134.327122271061,422
SHP0003,34.5248117316776,134.327087402344,423
SHP0003,34.5246614717717,134.327076673508,424
SHP0003,34.5244669966425,134.327068626881,425
SHP0003,34.5241421347788,134.327076673508,426
SHP0003,34.5237001458486,134.327132999897,427
SHP0003,34.5232139580255,134.327272474766,428
SHP0003,34.5229730740585,134.327358305454,429
SHP0003,34.522862576826,134.327382445335,430
SHP0003,34.5228029083204,134.32736903429,431
SHP0003,34.5226548420288,134.327307343483,432
SHP0003,34.5224250077851,134.327183961868,433
SHP0003,34.5223410298884,134.327170550823,434
SHP0003,34.5222349525451,134.327183961868,435
SHP0003,34.5221244553126,134.327224195004,436
SHP0003,34.5218548420652,134.327350258827,437
SHP0003,34.5216714166592,134.327331483364,438
SHP0003,34.5215167205336,134.327248334885,439
SHP0003,34.5200073283371,134.326274693012,440
SHP0003,34.5198703117688,134.32614594698,441
SHP0003,34.5198150631525,134.325995743275,442
SHP0003,34.5197951736507,134.32579189539,443
SHP0003,34.5198614719902,134.325459301472,444
SHP0003,34.5198106432632,134.325311779976,445
SHP0003,34.519748764813,134.325260818005,446
SHP0003,34.5196692068056,134.32524740696,447
SHP0003,34.5196117482446,134.325266182423,448
SHP0003,34.5194062233921,134.3254378438,449
SHP0003,34.5193001460489,134.325537085533,450
SHP0003,34.5191587095912,134.325716793537,451
SHP0003,34.5189377151261,134.326041340828,452
SHP0003,34.5187962786685,134.326162040234,453
SHP0003,34.5186658919341,134.326204955578,454
SHP0003,34.5185222455318,134.326213002205,455
SHP0003,34.5183476599044,134.326143264771,456
SHP0003,34.5181377151626,134.325923323631,457
SHP0003,34.51793219031,134.325644373894,458
SHP0003,34.5178327428007,134.325529038906,459
SHP0003,34.5177730742952,134.32549148798,460
SHP0003,34.5176736267859,134.325478076935,461
SHP0003,34.5175830190552,134.325529038906,462
SHP0003,34.5175344002729,134.325617551804,463
SHP0003,34.5174084334278,134.325893819332,464
SHP0003,34.5173089859185,134.326022565365,465
SHP0003,34.5172448975236,134.326068162918,466
SHP0003,34.5166681019698,134.32633638382,467
SHP0003,34.5165288754568,134.326414167881,468
SHP0003,34.5164117483903,134.326521456242,469
SHP0003,34.5162437925968,134.326701164246,470
SHP0003,34.5158614721722,134.327167868614,471
SHP0003,34.5157598147183,134.327256381512,472
SHP0003,34.5156625771536,134.327310025692,473
SHP0003,34.5156139583713,134.327318072319,474
SHP0003,34.515609538482,134.327318072319,475
SHP0003,34.5155653347865,134.327323436737,476
SHP0003,34.5154017811132,134.327323436737,477
SHP0003,34.5150680432123,134.327301979065,478
SHP0003,34.5149133302781,134.327304661274,479
SHP0003,34.5147298849418,134.327363669872,480
SHP0003,34.5146083247792,134.327428042889,481
SHP0003,34.514393936856,134.327572882175,482
SHP0003,34.5142900581716,134.327626526356,483
SHP0003,34.5141817591177,134.327653348446,484
SHP0003,34.5140823008028,134.327647984028,485
SHP0003,34.513894435097,134.327607750893,486
SHP0003,34.5136468944023,134.327538013458,487
SHP0003,34.5135584870113,134.327500462532,488
SHP0003,34.5134148250009,134.327411949635,489
SHP0003,34.5132048574474,134.327090084553,490
SHP0003,34.5130081510024,134.326733350754,491
SHP0003,34.5129352149049,134.32663410902,492
SHP0003,34.5128534380682,134.326569736004,493
SHP0003,34.5127252473513,134.326502680779,494
SHP0003,34.5122191150379,134.32630687952,495
SHP0003,34.5120356697016,134.326218366623,496
SHP0003,34.5119782048975,134.326111078262,497
SHP0003,34.5119958863757,134.325976967812,498
SHP0003,34.5123141529832,134.326057434082,499
SHP0003,34.5127738714163,134.326207637787,500
SHP0003,34.5130877176543,134.326312243938,501
SHP0003,34.5135496462722,134.326473176479,502
SHP0003,34.5139297980534,134.326593875885,503
SHP0003,34.5140889313572,134.326655566692,504
SHP0003,34.5142149118893,134.326658248901,505
SHP0003,34.5143629942692,134.326623380184,506
SHP0003,34.5144712933232,134.326559007168,507
SHP0003,34.5145154970186,134.326481223106,508
SHP0003,34.5146414775508,134.32622641325,509
SHP0003,34.5148138719632,134.325934052467,510
SHP0003,34.5148713367673,134.325858950615,511
SHP0003,34.515001737669,134.325719475746,512
SHP0003,34.5151232978316,134.325612187386,513
SHP0003,34.5152912718745,134.325480759144,514
SHP0003,34.515384099635,134.325392246246,515
SHP0003,34.5155432329388,134.32527422905,516
SHP0003,34.515609538482,134.325212538242,517
SHP0003,34.5156515274304,134.325177669525,518
SHP0003,34.5157134058806,134.325065016747,519
SHP0003,34.5157310854378,134.324997961521,520
SHP0003,34.5157399252164,134.324957728386,521
SHP0003,34.5157531848843,134.324858486652,522
SHP0003,34.5157310854378,134.324748516083,523
SHP0003,34.5156824666555,134.324630498886,524
SHP0003,34.515609538482,134.324517846107,525
SHP0003,34.5154260931457,134.324257671833,526
SHP0003,34.5153686283416,134.324024319649,527
SHP0003,34.5153686283416,134.323917031288,528
SHP0003,34.5153885200046,134.323761463165,529
SHP0003,34.5154172524066,134.323686361313,530
SHP0003,34.5155167107215,134.323447644711,531
SHP0003,34.515609538482,134.323300123215,532
SHP0003,34.5156448975964,134.323246479034,533
SHP0003,34.5158216931685,134.323058724403,534
SHP0003,34.5159100909545,134.322997033596,535
SHP0003,34.5160073285192,134.322948753834,536
SHP0003,34.5164935163424,134.322881698608,537
SHP0003,34.5166681019698,134.322820007801,538
SHP0003,34.5168581572097,134.322728812695,539
SHP0003,34.5171874389627,134.322420358658,540
SHP0003,34.5173134058078,134.322347939014,541
SHP0003,34.5174658919887,134.322310388088,542
SHP0003,34.517653737284,134.322329163551,543
SHP0003,34.5178570521919,134.32236135006,544
SHP0003,34.5179984886496,134.32230502367,545
SHP0003,34.5181001461035,134.3222245574,546
SHP0003,34.5181819140556,134.322042167187,547
SHP0003,34.51821727317,134.321886599064,548
SHP0003,34.518261472063,134.32162374258,549
SHP0003,34.5183078809007,134.321513772011,550
SHP0003,34.5183587096276,134.32143330574,551
SHP0003,34.5184692068602,134.321328699589,552
SHP0003,34.518729980329,134.321210682392,553
SHP0003,34.5191145106982,134.321057796478,554
SHP0003,34.5198791515474,134.320733249187,555
SHP0003,34.5203255603668,134.320556223392,556
SHP0003,34.5204780465478,134.320473074913,557
SHP0003,34.520584123891,134.32040065527,558
SHP0003,34.5206813614556,134.320285320282,559
SHP0003,34.5207255603486,134.320202171803,560
SHP0003,34.5207564995738,134.320121705532,561
SHP0003,34.5207763890756,134.320027828217,562
SHP0003,34.5207697592417,134.319917857647,563
SHP0003,34.5207100907361,134.319727420807,564
SHP0003,34.5205487647766,134.319579899311,565
SHP0003,34.520299041031,134.319424331188,566
SHP0003,34.5201487647948,134.319314360619,567
SHP0003,34.5200625769534,134.319233894348,568
SHP0003,34.5199542896655,134.319032728672,569
SHP0003,34.5198924112153,134.31884765625,570
SHP0003,34.519660367027,134.31822270155,571
SHP0003,34.5196471073591,134.31808590889,572
SHP0003,34.5196515272484,134.317933022976,573
SHP0003,34.5196824664735,134.317713081837,574
SHP0003,34.5197465548683,134.317380487919,575
SHP0003,34.519742134979,134.317184686661,576
SHP0003,34.5196824664735,134.316884279251,577
SHP0003,34.5196559471377,134.316664338112,578
SHP0003,34.5196515272484,134.316632151604,579
SHP0003,34.519660367027,134.316436350346,580
SHP0003,34.5197067758646,134.316141307354,581
SHP0003,34.5198636819348,134.315655827522,582
SHP0003,34.5199918587246,134.315422475338,583
SHP0003,34.5204073283189,134.314722418785,584
SHP0003,34.5205377150533,134.314446151257,585
SHP0003,34.52071672057,134.314188659191,586
SHP0003,34.520862576917,134.313912391663,587
SHP0003,34.5212205879504,134.313099682331,588
SHP0003,34.5213023559025,134.312917292118,589
SHP0003,34.5216139580983,134.312244057655,590
SHP0003,34.5219078807368,134.31154936552,591
SHP0003,34.5219631293531,134.311310648918,592
SHP0003,34.5219719691317,134.311015605927,593
SHP0003,34.5219675492424,134.31010633707,594
SHP0003,34.5220227978587,134.30983543396,595
SHP0003,34.5221553945377,134.30953502655,596
SHP0003,34.522400698394,134.309062957764,597
SHP0003,34.5225089856818,134.30882692337,598
SHP0003,34.5225421348516,134.308652579784,599
SHP0003,34.5225531845749,134.308435320854,600
SHP0003,34.5225465547409,134.308330714703,601
SHP0003,34.5225310851284,134.308108091354,602
SHP0003,34.5225355050177,134.307936429977,603
SHP0003,34.5225531845749,134.307861328125,604
SHP0003,34.52263724786,134.307678937912,605
SHP0003,34.5228184576822,134.307571649551,606
SHP0003,34.523198555053,134.307566285133,607
SHP0003,34.5233620847835,134.307464361191,608
SHP0003,34.5236007492194,134.307201504707,609
SHP0003,34.5237819569455,134.306944012642,610
SHP0003,34.5239499052177,134.306772351265,611
SHP0003,34.5242195056833,134.30664896965,612
SHP0003,34.5245112035648,134.306627511978,613
SHP0003,34.5247454450634,134.3065148592,614
SHP0003,34.5248426771901,134.306407570839,615
SHP0003,34.5249089717569,134.3061876297,616
SHP0003,34.5249045521207,134.306037425995,617
SHP0003,34.524718927191,134.305758476257,618
SHP0003,34.5243918727368,134.305619001389,619
SHP0003,34.5241664695951,134.305441975594,620
SHP0003,34.5241045941161,134.305120110512,621
SHP0003,34.5242548630567,134.304862618446,622
SHP0003,34.5243697744165,134.304669499397,623
SHP0003,34.5243918727368,134.304487109184,624
SHP0003,34.524285800746,134.304267168045,625
SHP0003,34.5240957547582,134.303998947144,626
SHP0003,34.5238836098875,134.303752183914,627
SHP0003,34.5235521324454,134.303559064865,628
SHP0003,34.5232250734095,134.303339123726,629
SHP0003,34.5230527039414,134.303205013275,630
SHP0003,34.5229377907645,134.302909970284,631
SHP0003,34.5228803341166,134.302631020546,632
SHP0003,34.5228096181878,134.302411079407,633
SHP0003,34.5225002352937,134.302314519882,634
SHP0003,34.5219787015279,134.302550554276,635
SHP0003,34.521037280616,134.303103089333,636
SHP0003,34.5208118683964,134.303188920021,637
SHP0003,34.5203256831009,134.303076267242,638
SHP0003,34.5200781694969,134.302834868431,639
SHP0003,34.5198439148728,134.302475452423,640
SHP0003,34.5196008197552,134.302083849907,641
SHP0003,34.5193179445434,134.30185854435,642
SHP0003,34.5191234672781,134.301676154137,643
SHP0003,34.5186947317032,134.301499128342,644
SHP0003,34.518332293723,134.301407933235,645
SHP0003,34.5179035540765,134.301279187202,646
SHP0003,34.5173598913518,134.301145076752,647
SHP0003,34.5172759106146,134.301214814186,648
SHP0003,34.5171433092782,134.301370382309,649
SHP0003,34.5169178865219,134.301279187202,650
SHP0003,34.516621741974,134.301161170006,651
SHP0003,34.5163344365559,134.301118254662,652
SHP0003,34.5159277871936,134.301091432571,653
SHP0004,34.4464366581755,134.285888671875,1
SHP0004,34.4466622683876,134.286132752895,2
SHP0004,34.4468569124922,134.28633660078,3
SHP0004,34.4469608701389,134.286414384842,4
SHP0004,34.4472108108641,134.286588728428,5
SHP0004,34.4476133702621,134.286835491657,6
SHP0004,34.4478345567446,134.286918640137,7
SHP0004,34.4480159296602,134.286915957928,8
SHP0004,34.4482393280074,134.286886453629,9
SHP0004,34.4483543449783,134.2869374156,10
SHP0004,34.4488785569417,134.287087619305,11
SHP0004,34.4494647011202,134.287267327309,12
SHP0004,34.449579718091,134.287294149399,13
SHP0004,34.4497234893046,134.287294149399,14
SHP0004,34.4499999724077,134.287251234055,15
SHP0004,34.4500729639469,134.287240505219,16
SHP0004,34.4503383877258,134.287071526051,17
SHP0004,34.4505662098027,134.286792576313,18
SHP0004,34.4506900742329,134.286569952965,19
SHP0004,34.4508028793389,134.286476075649,20
SHP0004,34.4508714471485,134.286518990993,21
SHP0004,34.4510483963344,134.286494851112,22
SHP0004,34.4511943794128,134.286481440067,23
SHP0004,34.4512629472224,134.286457300186,24
SHP0004,34.4512629935773,134.286451935768,25
SHP0004,34.4513160760445,134.286376833916,26
SHP0004,34.4516522642206,134.286108613014,27
SHP0004,34.4518734219139,134.286014735699,28
SHP0004,34.4519884388848,134.285969138145,29
SHP0004,34.4520901846667,134.285910129547,30
SHP0004,34.4521145151798,134.285888671875,31
SHP0004,34.4521720236652,134.285832345486,32
SHP0004,34.4522184728265,134.285770654678,33
SHP0004,34.4522450123254,134.285735785961,34
SHP0004,34.4523401121963,134.285550713539,35
SHP0004,34.4524086725684,134.285328090191,36
SHP0004,34.4524551166914,134.285110831261,37
SHP0004,34.4524993491895,134.284853339195,38
SHP0004,34.4525502165623,134.284684360027,39
SHP0004,34.452625411809,134.284547567368,40
SHP0004,34.4526917605562,134.284501969814,41
SHP0004,34.4527713790528,134.284491240978,42
SHP0004,34.4528620556739,134.284464418888,43
SHP0004,34.4534835222722,134.284287393093,44
SHP0004,34.4543128816115,134.284021854401,45
SHP0004,34.4549188668354,134.283863604069,46
SHP0004,34.4551643571999,134.283828735352,47
SHP0004,34.4553036895689,134.283855557442,48
SHP0004,34.4555624496828,134.283855557442,49
SHP0004,34.4557924586729,134.283839464188,50
SHP0004,34.4560467955369,134.283812642097,51
SHP0004,34.4563166137753,134.283748269081,52
SHP0004,34.4564625810191,134.283694624901,53
SHP0004,34.456719129508,134.283547103405,54
SHP0004,34.4570353918694,134.283399581909,55
SHP0004,34.4572631892346,134.283332526684,56
SHP0004,34.4574489657267,134.283305704594,57
SHP0004,34.4575529120972,134.283332526684,58
SHP0004,34.4576126259696,134.283345937729,59
SHP0004,34.4578957139574,134.283372759819,60
SHP0004,34.4580682207,134.283372759819,61
SHP0004,34.4582716901913,134.283332526684,62
SHP0004,34.4583336156886,134.283308386803,63
SHP0004,34.4585702595534,134.28320646286,64
SHP0004,34.4587140151723,134.283147454262,65
SHP0004,34.4588046917934,134.28312599659,66
SHP0004,34.4589396009126,134.28312599659,67
SHP0004,34.4591054727804,134.283171594143,68
SHP0004,34.4592049959012,134.283222556114,69
SHP0004,34.4592868260226,134.283303022385,70
SHP0004,34.4593067306468,134.283332526684,71
SHP0004,34.4593553863947,134.283399581909,72
SHP0004,34.459510200138,134.283522963524,73
SHP0004,34.4596053000089,134.283632934093,74
SHP0004,34.4597070347546,134.283721446991,75
SHP0004,34.4599127158707,134.283809959888,76
SHP0004,34.4600807993635,134.283866286278,77
SHP0004,34.4602201317325,134.283895790577,78
SHP0004,34.4603174432283,134.283970892429,79
SHP0004,34.4604014849747,134.28407818079,80
SHP0004,34.4604567755973,134.28418815136,81
SHP0004,34.4604943732207,134.284303486347,82
SHP0004,34.4605209127196,134.284603893757,83
SHP0004,34.4605651452177,134.285368323326,84
SHP0004,34.4605562987181,134.285502433777,85
SHP0004,34.4605562987181,134.285609722137,86
SHP0004,34.4606381288395,134.285824298859,87
SHP0004,34.4606536102139,134.285888671875,88
SHP0004,34.4607000543369,134.286159574986,89
SHP0004,34.4607641914591,134.2862829566,90
SHP0004,34.4608482332055,134.286379516125,91
SHP0004,34.4609477563262,134.286457300186,92
SHP0004,34.4610163166983,134.286575317383,93
SHP0004,34.4610273748228,134.286647737026,94
SHP0004,34.4610273748228,134.286725521088,95
SHP0004,34.4610141050734,134.286811351776,96
SHP0004,34.4609919888243,134.286875724792,97
SHP0004,34.4608769843293,134.287090301514,98
SHP0004,34.460812847207,134.287288784981,99
SHP0004,34.460812847207,134.287425577641,100
SHP0004,34.4608305402063,134.28758919239,101
SHP0004,34.4609167935776,134.287838637829,102
SHP0004,34.460998623699,134.288289248943,103
SHP0004,34.4610074701987,134.288334846497,104
SHP0004,34.4610893003201,134.288474321365,105
SHP0004,34.4611423793179,134.288549423218,106
SHP0004,34.4612772884371,134.288635253906,107
SHP0004,34.4614276626141,134.28876131773,108
SHP0004,34.461584670946,134.288914203644,109
SHP0004,34.4616930288088,134.289037585258,110
SHP0004,34.4619738746982,134.289217293262,111
SHP0004,34.4620048340876,134.289244115353,112
SHP0004,34.4620932894859,134.289504289627,113
SHP0004,34.4621131919505,134.289598166943,114
SHP0004,34.4621176147204,134.289667904377,115
SHP0004,34.4620800211761,134.289785921574,116
SHP0004,34.4619782974682,134.290051460266,117
SHP0004,34.4619782974682,134.290115833282,118
SHP0004,34.4619959885478,134.290298223495,119
SHP0004,34.4619805088531,134.290370643139,120
SHP0004,34.4619583950035,134.290400147438,121
SHP0004,34.4619141673044,134.290429651737,122
SHP0004,34.4618677282203,134.290445744991,123
SHP0004,34.4615559229415,134.290432333946,124
SHP0004,34.4614409309238,134.290453791618,125
SHP0004,34.4613657438353,134.290494024754,126
SHP0004,34.4612772884371,134.290555715561,127
SHP0004,34.4612065164401,134.290654957294,128
SHP0004,34.4611644955669,134.290751516819,129
SHP0004,34.4611268979435,134.290963411331,130
SHP0004,34.4611711304416,134.29159373045,131
SHP0004,34.4611689188167,134.291666150093,132
SHP0004,34.4611445909428,134.291899502277,133
SHP0004,34.461115839819,134.291958510876,134
SHP0004,34.4609897771994,134.292114078999,135
SHP0004,34.4609278517021,134.292216002941,136
SHP0004,34.4609079470779,134.292347431183,137
SHP0004,34.4608946773285,134.292564690113,138
SHP0004,34.4608349634561,134.292698800564,139
SHP0004,34.4607420752101,134.292849004269,140
SHP0004,34.4606381288395,134.293044805527,141
SHP0004,34.4605938963414,134.293192327023,142
SHP0004,34.4605496638433,134.293302297592,143
SHP0004,34.4605297592192,134.293396174908,144
SHP0004,34.4605408173437,134.293551743031,145
SHP0004,34.460604954466,134.29385215044,146
SHP0004,34.4606491869641,134.293991625309,147
SHP0004,34.4606624567135,134.294074773788,148
SHP0004,34.4606580334637,134.294176697731,149
SHP0004,34.4605363940939,134.294428825378,150
SHP0004,34.460487738346,134.294549524784,151
SHP0004,34.4604501407226,134.294672906399,152
SHP0004,34.4603904268502,134.2952683568,153
SHP0004,34.4603439827272,134.295933544636,154
SHP0004,34.4603594641015,134.296073019505,155
SHP0004,34.4603926384751,134.296180307865,156
SHP0004,34.4604987964705,134.296306371689,157
SHP0004,34.4606027428411,134.296319782734,158
SHP0004,34.460673514838,134.296298325062,159
SHP0004,34.4608415983308,134.296233952045,160
SHP0004,34.4610295864477,134.296182990074,161
SHP0004,34.4612065164401,134.296156167984,162
SHP0004,34.4612772884371,134.296156167984,163
SHP0004,34.46138122353,134.296161532402,164
SHP0004,34.461480735853,134.296209812164,165
SHP0004,34.4618190777513,134.296346604824,166
SHP0004,34.4619937771628,134.296389520168,167
SHP0004,34.462086655331,134.296453893185,168
SHP0004,34.4621131919505,134.296483397484,169
SHP0004,34.4621463627248,134.296550452709,170
SHP0004,34.4621662651894,134.296641647816,171
SHP0004,34.4621618424195,134.296751618385,172
SHP0004,34.462137517185,134.296837449074,173
SHP0004,34.4621198261054,134.296875,174
SHP0004,34.4621043464107,134.29690182209,175
SHP0004,34.4620335820921,134.296982288361,176
SHP0004,34.4619805088531,134.297025203705,177
SHP0004,34.4617704272823,134.297186136246,178
SHP0004,34.4616797604991,134.29730951786,179
SHP0004,34.4616377441849,134.297784268856,180
SHP0004,34.4615913051008,134.298055171967,181
SHP0004,34.4615161180123,134.29823756218,182
SHP0004,34.4614541992335,134.298339486122,183
SHP0004,34.4613768007601,134.298414587975,184
SHP0004,34.4612772884371,134.298495054245,185
SHP0004,34.4611755536914,134.298578202724,186
SHP0004,34.4609942004492,134.29869890213,187
SHP0004,34.4609234284523,134.298803508282,188
SHP0004,34.4608814075791,134.298865199089,189
SHP0004,34.4608194820817,134.298993945122,190
SHP0004,34.4606469753392,134.299396276474,191
SHP0004,34.4602864804797,134.299964904785,192
SHP0004,34.4602533061061,134.299999773502,193
SHP0004,34.459883964747,134.300372600555,194
SHP0004,34.4596937650051,134.300552308559,195
SHP0004,34.4595920302595,134.300699830055,196
SHP0004,34.4594969303886,134.300884902477,197
SHP0004,34.4594062537675,134.301214814186,198
SHP0004,34.459302307397,134.301692247391,199
SHP0004,34.4591740331525,134.302258193493,200
SHP0004,34.4591275890295,134.302628338337,201
SHP0004,34.4591231657797,134.302821457386,202
SHP0004,34.4591939377766,134.302993118763,203
SHP0004,34.4593222120211,134.303239881992,204
SHP0004,34.4595831837599,134.303685128689,205
SHP0004,34.4596827068806,134.303862154484,206
SHP0004,34.45981319275,134.30400967598,207
SHP0004,34.4599856994926,134.304229617119,208
SHP0004,34.460231189857,134.304682910442,209
SHP0004,34.460324078103,134.30482506752,210
SHP0004,34.4604236012238,134.304918944836,211
SHP0004,34.4606071660909,134.305028915405,212
SHP0004,34.4608814075791,134.305224716663,213
SHP0004,34.4610649724462,134.305407106876,214
SHP0004,34.4611888234409,134.305514395237,215
SHP0004,34.4612772884371,134.305627048016,216
SHP0004,34.4613369958309,134.305707514286,217
SHP0004,34.4613745893751,134.305771887302,218
SHP0004,34.4614166056893,134.305916726589,219
SHP0004,34.4614586220035,134.306107163429,220
SHP0004,34.4615028497026,134.306158125401,221
SHP0004,34.4617062971185,134.306324422359,222
SHP0004,34.4618013866717,134.306391477585,223
SHP0004,34.4618942648398,134.306479990482,224
SHP0004,34.4619384925389,134.306530952454,225
SHP0004,34.4620092568575,134.306635558605,226
SHP0004,34.4620689642514,134.306726753712,227
SHP0004,34.4623100052116,134.306992292404,228
SHP0004,34.462489127393,134.307236373425,229
SHP0004,34.4626063307957,134.307362437248,230
SHP0004,34.4627124772736,134.307450950146,231
SHP0004,34.4627699732825,134.307558238506,232
SHP0004,34.4627987212869,134.307646751404,233
SHP0004,34.4628606400657,134.307772815228,234
SHP0004,34.4628871766851,134.307861328125,235
SHP0004,34.462891599455,134.307904243469,236
SHP0004,34.4628584286807,134.308223426342,237
SHP0004,34.4628473717559,134.308330714703,238
SHP0004,34.4628274692913,134.308497011662,239
SHP0004,34.4628053554418,134.308698177338,240
SHP0004,34.4627611277426,134.308931529522,241
SHP0004,34.4626638268046,134.309159517288,242
SHP0004,34.4625598917116,134.309312403202,243
SHP0004,34.4622989482868,134.309607446194,244
SHP0004,34.4621751107293,134.309717416763,245
SHP0004,34.4619937771628,134.309894442558,246
SHP0004,34.4615139066274,134.310210943222,247
SHP0004,34.4614232398442,134.310291409492,248
SHP0004,34.4612772884371,134.310505986214,249
SHP0004,34.4610583375715,134.310830533504,250
SHP0004,34.4605762033422,134.311517179012,251
SHP0004,34.4604611988471,134.311699569225,252
SHP0004,34.4603882152253,134.311820268631,253
SHP0004,34.4601559946103,134.312182366848,254
SHP0004,34.460069741239,134.312348663807,255
SHP0004,34.4600476249899,134.31239426136,256
SHP0004,34.4599945459922,134.312600791454,257
SHP0004,34.4599680064933,134.312852919102,258
SHP0004,34.4599547367439,134.313094317913,259
SHP0004,34.4599458902443,134.313274025917,260
SHP0004,34.4599149274956,134.313614666462,261
SHP0004,34.4598043462504,134.31383728981,262
SHP0004,34.459766748627,134.31389093399,263
SHP0004,34.4596804952557,134.314014315605,264
SHP0004,34.4594748141396,134.314231574535,265
SHP0004,34.459162975028,134.314497113228,266
SHP0004,34.4590192194091,134.314620494843,267
SHP0004,34.458882098665,134.314784109592,268
SHP0004,34.4588157499179,134.314869940281,269
SHP0004,34.4587317081715,134.315033555031,270
SHP0004,34.4586719942991,134.315237402916,271
SHP0004,34.4586653594244,134.31533396244,272
SHP0004,34.4586719942991,134.315779209137,273
SHP0004,34.458696322173,134.315972328186,274
SHP0004,34.4587272849217,134.316111803055,275
SHP0004,34.4588334429171,134.316390752792,276
SHP0004,34.4588798870401,134.316492676735,277
SHP0004,34.4590192194091,134.316664338112,278
SHP0004,34.4591076844053,134.316782355309,279
SHP0004,34.4592425935245,134.316964745522,280
SHP0004,34.4594770257645,134.317369759083,281
SHP0004,34.4593664445192,134.317391216755,282
SHP0004,34.4592868260226,134.317396581173,283
SHP0004,34.4592005726513,134.3174046278,284
SHP0004,34.4591076844053,134.317396581173,285
SHP0004,34.4589860450356,134.317364394665,286
SHP0004,34.4589329660378,134.317329525948,287
SHP0004,34.4589152730386,134.317316114902,288
SHP0004,34.4587029570477,134.317152500153,289
SHP0004,34.4584950643067,134.316986203194,290
SHP0004,34.4584287155595,134.316919147968,291
SHP0004,34.4583336156886,134.316825270653,292
SHP0004,34.458324769189,134.316814541817,293
SHP0004,34.4582163995687,134.316664338112,294
SHP0004,34.4580173533272,134.316345155239,295
SHP0004,34.4579465813303,134.316270053387,296
SHP0004,34.4578780209582,134.316240549088,297
SHP0004,34.4577740745877,134.316240549088,298
SHP0004,34.4577099374654,134.316267371178,299
SHP0004,34.4576413770934,134.316310286522,300
SHP0004,34.4575860864708,134.316377341747,301
SHP0004,34.4575529120972,134.316433668137,302
SHP0004,34.4575418539727,134.316664338112,303
SHP0004,34.4575418539727,134.316699206829,304
SHP0004,34.4575396423478,134.316787719727,305
SHP0004,34.4575551237221,134.317356348038,306
SHP0004,34.4575816632209,134.31756824255,307
SHP0004,34.457628107344,134.317713081837,308
SHP0004,34.4577033025907,134.317876696587,309
SHP0004,34.4577519583386,134.317951798439,310
SHP0004,34.4581987065694,134.318525791168,311
SHP0004,34.4582363041928,134.318584799767,312
SHP0004,34.4582761134411,134.318689405918,313
SHP0004,34.4583048645649,134.31884765625,314
SHP0004,34.4583159226894,134.318912029266,315
SHP0004,34.4583336156886,134.319024682045,316
SHP0004,34.4583490970629,134.319115877151,317
SHP0004,34.4584088109354,134.319569170475,318
SHP0004,34.4583889063112,134.319687187672,319
SHP0004,34.4583336156886,134.319832026958,320
SHP0004,34.4583314040637,134.319840073586,321
SHP0004,34.4582252460683,134.320089519024,322
SHP0004,34.4581655321958,134.320242404938,323
SHP0004,34.4581212996977,134.320355057716,324
SHP0004,34.4580040835778,134.32056427002,325
SHP0004,34.4578802325831,134.320730566978,326
SHP0004,34.4576701282171,134.321017563343,327
SHP0004,34.4574666587259,134.321304559708,328
SHP0004,34.4573848286044,134.321409165859,329
SHP0004,34.4572278032362,134.321613013744,330
SHP0004,34.4570154872453,134.321827590466,331
SHP0004,34.4566506919255,134.321535229683,332
SHP0004,34.4565489569993,134.321411848068,333
SHP0004,34.4565091476466,134.321272373199,334
SHP0004,34.4565489569993,134.321411848068,335
SHP0004,34.4566506919255,134.321535229683,336
SHP0004,34.4570154872453,134.321827590466,337
SHP0004,34.4572278032362,134.321613013744,338
SHP0004,34.4573848286044,134.321409165859,339
SHP0004,34.4574666587259,134.321304559708,340
SHP0004,34.4576701282171,134.321017563343,341
SHP0004,34.4578802325831,134.320730566978,342
SHP0004,34.4580040835778,134.32056427002,343
SHP0004,34.4581212996977,134.320355057716,344
SHP0004,34.4581655321958,134.320242404938,345
SHP0004,34.4582252460683,134.320089519024,346
SHP0004,34.4583314040637,134.319840073586,347
SHP0004,34.4583336156886,134.319832026958,348
SHP0004,34.4583889063112,134.319687187672,349
SHP0004,34.4584088109354,134.319569170475,350
SHP0004,34.4583490970629,134.319115877151,351
SHP0004,34.4583336156886,134.319024682045,352
SHP0004,34.4583159226894,134.318912029266,353
SHP0004,34.4583048645649,134.31884765625,354
SHP0004,34.4582761134411,134.318689405918,355
SHP0004,34.4582363041928,134.318584799767,356
SHP0004,34.4581987065694,134.318525791168,357
SHP0004,34.4577519583386,134.317951798439,358
SHP0004,34.4577033025907,134.317876696587,359
SHP0004,34.457628107344,134.317713081837,360
SHP0004,34.4575816632209,134.31756824255,361
SHP0004,34.4575551237221,134.317356348038,362
SHP0004,34.4575396423478,134.316787719727,363
SHP0004,34.4575418539727,134.316699206829,364
SHP0004,34.4575418539727,134.316664338112,365
SHP0004,34.4575529120972,134.316433668137,366
SHP0004,34.4575860864708,134.316377341747,367
SHP0004,34.4576413770934,134.316310286522,368
SHP0004,34.4577099374654,134.316267371178,369
SHP0004,34.4577740745877,134.316240549088,370
SHP0004,34.4578780209582,134.316240549088,371
SHP0004,34.4579465813303,134.316270053387,372
SHP0004,34.4580173533272,134.316345155239,373
SHP0004,34.4582163995687,134.316664338112,374
SHP0004,34.458324769189,134.316814541817,375
SHP0004,34.4583336156886,134.316825270653,376
SHP0004,34.4584287155595,134.316919147968,377
SHP0004,34.4584950643067,134.316986203194,378
SHP0004,34.4587029570477,134.317152500153,379
SHP0004,34.4589152730386,134.317316114902,380
SHP0004,34.4589329660378,134.317329525948,381
SHP0004,34.4589860450356,134.317364394665,382
SHP0004,34.4591076844053,134.317396581173,383
SHP0004,34.4592005726513,134.3174046278,384
SHP0004,34.4592868260226,134.317396581173,385
SHP0004,34.4593664445192,134.317391216755,386
SHP0004,34.4594770257645,134.317369759083,387
SHP0004,34.4597800183764,134.317340254784,388
SHP0004,34.4599392553696,134.317302703857,389
SHP0004,34.4600299319907,134.31726783514,390
SHP0004,34.4601316667363,134.31721419096,391
SHP0004,34.4601869573589,134.317155182362,392
SHP0004,34.4602444596065,134.317074716091,393
SHP0004,34.4603395594774,134.316905736923,394
SHP0004,34.4604722569717,134.316664338112,395
SHP0004,34.4606182242154,134.316406846046,396
SHP0004,34.4606934194622,134.316331744194,397
SHP0004,34.4607686147089,134.316283464432,398
SHP0004,34.4608880424538,134.316251277924,399
SHP0004,34.4610428561971,134.316251277924,400
SHP0004,34.4612772884371,134.31628882885,401
SHP0004,34.4614276626141,134.31631565094,402
SHP0004,34.4615404432468,134.316355884075,403
SHP0004,34.4615780367911,134.316377341747,404
SHP0004,34.4616731263442,134.316473901272,405
SHP0004,34.4616830719132,134.316486341314,406
SHP0004,34.4617438906628,134.316562414169,407
SHP0004,34.4617991752867,134.316664338112,408
SHP0004,34.461851199226,134.316756734996,409
SHP0004,34.461984931623,134.316994249821,410
SHP0004,34.4620955008708,134.317152500153,411
SHP0004,34.4624979729329,134.317643344402,412
SHP0004,34.4627788188223,134.317860603333,413
SHP0004,34.4630884127161,134.318077862263,414
SHP0004,34.4631149493356,134.318096637726,415
SHP0004,34.4633648358357,134.318246841431,416
SHP0004,34.4636957984546,134.31836877037,417
SHP0004,34.4638380722163,134.318421185017,418
SHP0004,34.4642316987385,134.318568706512,419
SHP0004,34.4642891947473,134.318579435349,420
SHP0004,34.4645368698624,134.31863039732,421
SHP0004,34.4646147870272,134.318637297403,422
SHP0004,34.4649306146519,134.318665266037,423
SHP0004,34.4652225200182,134.318697452545,424
SHP0004,34.4653950090731,134.318735003471,425
SHP0004,34.4656205711454,134.318944215775,426
SHP0004,34.4658063276885,134.31914806366,427
SHP0004,34.4661135873362,134.319341182709,428
SHP0004,34.4663104005973,134.319413602352,429
SHP0004,34.4663789535309,134.319427013397,430
SHP0004,34.4666028372573,134.319472617318,431
SHP0004,34.4666686449602,134.319486021996,432
SHP0004,34.4666937107315,134.319491309388,433
SHP0004,34.4668720923761,134.31952893734,434
SHP0004,34.4676217518763,134.319687187672,435
SHP0004,34.4678561586816,134.319748878479,436
SHP0004,34.468238728279,134.319899082184,437
SHP0004,34.4686080295667,134.320022463799,438
SHP0004,34.4687252329694,134.320057332516,439
SHP0004,34.4691299164164,134.320169985294,440
SHP0004,34.4694350875403,134.320266544819,441
SHP0004,34.4694616241598,134.320277273655,442
SHP0004,34.4697933319032,134.320368468761,443
SHP0004,34.4699680313148,134.320403337479,444
SHP0004,34.4702798365936,134.320440888405,445
SHP0004,34.4703351212175,134.320446252823,446
SHP0004,34.4704589453363,134.320451617241,447
SHP0004,34.4705031682358,134.320451617241,448
SHP0004,34.4707132270088,134.320357739925,449
SHP0004,34.4712682243983,134.320121705532,450
SHP0004,34.4713898373721,134.320070743561,451
SHP0004,34.471500394621,134.320022463799,452
SHP0004,34.4719956910961,134.319815933704,453
SHP0004,34.4725528996306,134.319579899311,454
SHP0004,34.4725927002402,134.31955575943,455
SHP0004,34.4738773754725,134.319016635418,456
SHP0004,34.4741729375186,134.318894541822,457
SHP0004,34.4742864372935,134.31884765625,458
SHP0004,34.4744146837022,134.31879401207,459
SHP0004,34.4745965822848,134.318703022215,460
SHP0004,34.4746291647651,134.318686723709,461
SHP0004,34.4750006371214,134.318531155586,462
SHP0004,34.4751001386455,134.31849360466,463
SHP0004,34.4757015700795,134.318252205849,464
SHP0004,34.4761437990752,134.318051040173,465
SHP0004,34.476367124718,134.317941069603,466
SHP0004,34.4764776819669,134.317887425423,467
SHP0004,34.4771830372149,134.316664338112,468
SHP0004,34.4772117820996,134.31661605835,469
SHP0004,34.4773975182778,134.31634247303,470
SHP0004,34.4774925975118,134.316194951534,471
SHP0004,34.4776495888053,134.315916001797,472
SHP0004,34.4778684921581,134.315535128117,473
SHP0004,34.4779237707826,134.315460026264,474
SHP0004,34.4780436755758,134.3152354728,475
SHP0004,34.4780498060464,134.315223991871,476
SHP0004,34.4781050846708,134.315060377121,477
SHP0004,34.4781470964254,134.31489944458,478
SHP0004,34.4781802636001,134.314698278904,479
SHP0004,34.4783054746881,134.314260145765,480
SHP0004,34.4783527329084,134.314094781876,481
SHP0004,34.4785075130568,134.313528835773,482
SHP0004,34.4788237067887,134.312324523926,483
SHP0004,34.4791310559407,134.311122894287,484
SHP0004,34.4791443228105,134.311039745808,485
SHP0004,34.4791487451005,134.310940504074,486
SHP0004,34.4791421116656,134.3106803298,487
SHP0004,34.4789917538071,134.309366047382,488
SHP0004,34.4789718535023,134.309119284153,489
SHP0004,34.4789696423573,134.309095144272,490
SHP0004,34.4788856188481,134.308330714703,491
SHP0004,34.4788458182385,134.307861328125,492
SHP0004,34.4788126510638,134.307485818863,493
SHP0004,34.4788038064839,134.307354390621,494
SHP0004,34.4787839061791,134.30716663599,495
SHP0004,34.4787839061791,134.307147860527,496
SHP0004,34.4787529501494,134.306885004044,497
SHP0004,34.4786711377852,134.306034743786,498
SHP0004,34.4786180703057,134.30550634861,499
SHP0004,34.4786092257258,134.305117428303,500
SHP0004,34.4786534486254,134.304481744766,501
SHP0004,34.4786711377852,134.304210841656,502
SHP0004,34.478697671525,134.303827285767,503
SHP0004,34.4787219941197,134.303508102894,504
SHP0004,34.4787551612944,134.303076267242,505
SHP0004,34.4788413959485,134.301944375038,506
SHP0004,34.4789541643424,134.300927817822,507
SHP0004,34.4789674312123,134.300828576088,508
SHP0004,34.478998387242,134.300613999367,509
SHP0004,34.4789851203721,134.299999773502,510
SHP0004,34.4789873315171,134.299954175949,511
SHP0004,34.4790160764018,134.299879074097,512
SHP0004,34.4790315544167,134.2997610569,513
SHP0004,34.4791067333459,134.299584031105,514
SHP0004,34.4791949132316,134.299439789349,515
SHP0004,34.4792336209629,134.299376472516,516
SHP0004,34.4792526689145,134.299345314503,517
SHP0004,34.4793919710481,134.299098551273,518
SHP0004,34.4797545594633,134.298457503319,519
SHP0004,34.4798783701417,134.298111498356,520
SHP0004,34.4799601736256,134.297778904438,521
SHP0004,34.4799977590102,134.297548234463,522
SHP0004,34.4800242898698,134.297277331352,523
SHP0004,34.4800574534444,134.296990334988,524
SHP0004,34.4800640861593,134.296875,525
SHP0004,34.4800729297792,134.296614825726,526
SHP0004,34.4800530316344,134.296349287033,527
SHP0004,34.4799822826754,134.296064972878,528
SHP0004,34.4799446972909,134.295952320099,529
SHP0004,34.4797390831285,134.295292496681,530
SHP0004,34.4796196942601,134.295056462288,531
SHP0004,34.4793919710481,134.294718503952,532
SHP0004,34.479195179145,134.29445296526,533
SHP0004,34.478998387242,134.294249117374,534
SHP0004,34.4788657185433,134.294093549252,535
SHP0004,34.478790539614,134.294106960297,536
SHP0004,34.4780475949014,134.293522238731,537
SHP0004,34.4777446680394,134.293339848518,538
SHP0004,34.4775854656009,134.293213784695,539
SHP0004,34.4771631369101,134.293001890182,540
SHP0004,34.4769000106577,134.292883872986,541
SHP0004,34.4766147729555,134.292803406715,542
SHP0004,34.476358280138,134.292717576027,543
SHP0004,34.4761437990752,134.292631745338,544
SHP0004,34.4760022857966,134.292553961277,545
SHP0004,34.4758895174027,134.29243594408,546
SHP0004,34.4757767490088,134.292175769806,547
SHP0004,34.4756485026,134.291827082634,548
SHP0004,34.4755578456559,134.291666150093,549
SHP0004,34.4754229658123,134.291422069073,550
SHP0004,34.4751111943703,134.290963411331,551
SHP0004,34.4750006371214,134.290797114372,552
SHP0004,34.474848068118,134.290577173233,553
SHP0004,34.4747507777389,134.290410876274,554
SHP0004,34.4747330885791,134.290381371975,555
SHP0004,34.4742952818734,134.289321899414,556
SHP0004,34.4741161791302,134.288836419582,557
SHP0004,34.4740542670708,134.28851723671,558
SHP0004,34.4739812992865,134.288214147091,559
SHP0004,34.4739591878367,134.288112223148,560
SHP0004,34.4738840089075,134.287776947021,561
SHP0004,34.4737800850935,134.287299513817,562
SHP0004,34.4736827947144,134.286878407001,563
SHP0004,34.4736429941048,134.286693334579,564
SHP0004,34.4735390702909,134.286301732063,565
SHP0004,34.473521381131,134.286231994629,566
SHP0004,34.4734439910568,134.285888671875,567
SHP0004,34.4734373576219,134.285867214203,568
SHP0004,34.4733776567075,134.285585582256,569
SHP0004,34.4733135335031,134.285381734371,570
SHP0004,34.4731631756446,134.28503036499,571
SHP0004,34.4729995509162,134.284724593163,572
SHP0004,34.4728292927529,134.284429550171,573
SHP0004,34.4726811460393,134.284260571003,574
SHP0004,34.4720708700254,134.283702671528,575
SHP0004,34.4718653025501,134.28348004818,576
SHP0004,34.4716132225846,134.283222556114,577
SHP0004,34.4713699868082,134.283029437065,578
SHP0004,34.4712284674849,134.282739758492,579
SHP0004,34.4711709751912,134.282460808754,580
SHP0004,34.4711488225695,134.282173812389,581
SHP0004,34.4711819897441,134.281935095787,582
SHP0004,34.4713633036323,134.281039237976,583
SHP0004,34.4714738608812,134.280492067337,584
SHP0004,34.4714893388961,134.280341863632,585
SHP0004,34.4714937611861,134.280172884464,586
SHP0004,34.4714650163013,134.27991271019,587
SHP0004,34.4713434033275,134.279470145702,588
SHP0004,34.471190834324,134.278920292854,589
SHP0004,34.4710736436402,134.278670847416,590
SHP0004,34.4709033854769,134.278410673141,591
SHP0004,34.4708060950978,134.278255105019,592
SHP0004,34.4705363354105,134.277981519699,593
SHP0004,34.4703351212175,134.277777671814,594
SHP0004,34.4702024381201,134.277643561363,595
SHP0004,34.470109559952,134.277563095093,596
SHP0004,34.4700631208679,134.277426302433,597
SHP0004,34.4699967793192,134.276712834835,598
SHP0004,34.469954763005,134.276179075241,599
SHP0004,34.4699260150006,134.275741875172,600
SHP0004,34.4698972669962,134.275299310684,601
SHP0004,34.4698906328413,134.274998903275,602
SHP0004,34.4698906328413,134.274983,603
SHP0004,34.4698906328413,134.27490234375,604
SHP0004,34.4698873276216,134.274709915051,605
SHP0004,34.4698862100714,134.274644851685,606
SHP0004,34.4698508279121,134.274344444275,607
SHP0004,34.4698353482174,134.27414059639,608
SHP0004,34.4698220799077,134.273966252804,609
SHP0004,34.4697911205183,134.273523688316,610
SHP0004,34.4697844863634,134.273400306702,611
SHP0004,34.469755738359,134.27291482687,612
SHP0004,34.4697491042041,134.272764623165,613
SHP0004,34.4697402586643,134.272405207157,614
SHP0004,34.4697645838988,134.271951913834,615
SHP0004,34.4697844863634,134.27182585001,616
SHP0004,34.4698331368324,134.271503984928,617
SHP0004,34.4699127466909,134.271294772625,618
SHP0004,34.4700100476289,134.27117139101,619
SHP0004,34.4702223405847,134.270889759064,620
SHP0004,34.4702532999741,134.270833432674,621
SHP0004,34.4703351212175,134.270680546761,622
SHP0004,34.4704368338865,134.270449876785,623
SHP0004,34.4704744233511,134.270275533199,624
SHP0004,34.470487690221,134.270181655884,625
SHP0004,34.470485479076,134.270106554031,626
SHP0004,34.4705142239607,134.269910752773,627
SHP0004,34.4705319131205,134.269709587097,628
SHP0004,34.4705672914402,134.269178509712,629
SHP0004,34.4705805583101,134.268835186958,630
SHP0004,34.47058940289,134.268607199192,631
SHP0004,34.4705849806,134.268234372139,632
SHP0004,34.4705761360201,134.267950057983,633
SHP0004,34.4705540245703,134.26774084568,634
SHP0004,34.4705230685406,134.267547726631,635
SHP0004,34.4703948221319,134.266665279865,636
SHP0004,34.4703926109869,134.266641139984,637
SHP0004,34.4703351212175,134.266273677349,638
SHP0004,34.4703063732131,134.266002774239,639
SHP0004,34.4702997390582,134.265871345997,640
SHP0004,34.4703218529078,134.265654087067,641
SHP0004,34.4703351212175,134.265597760677,642
SHP0004,34.4703970332769,134.265383183956,643
SHP0004,34.4705230685406,134.265195429325,644
SHP0004,34.4710161538708,134.264594614506,645
SHP0004,34.4711134442498,134.264439046383,646
SHP0004,34.4711377668446,134.264339804649,647
SHP0004,34.4711510337144,134.264213740826,648
SHP0004,34.4711554560044,134.264074265957,649
SHP0004,34.4711444002795,134.263916015625,650
SHP0004,34.4711421891345,134.263894557953,651
SHP0004,34.4710869105101,134.263634383678,652
SHP0004,34.4710316318856,134.26343858242,653
SHP0004,34.4709785644061,134.263210594654,654
SHP0004,34.4709166523468,134.262915551662,655
SHP0004,34.4709011743319,134.262711703777,656
SHP0004,34.4709277080716,134.262467622757,657
SHP0004,34.4710670102053,134.262046515942,658
SHP0004,34.4711134442498,134.261933863163,659
SHP0004,34.4711333445546,134.261866807938,660
SHP0004,34.4711488225695,134.261823892593,661
SHP0004,34.4711731451642,134.26167100668,662
SHP0004,34.4711775674542,134.261555671692,663
SHP0004,34.4711576671494,134.261392056942,664
SHP0004,34.4711510337144,134.261169433594,665
SHP0004,34.4711488225695,134.261113107204,666
SHP0004,34.4711864120341,134.260584712029,667
SHP0004,34.4712439018035,134.260303080082,668
SHP0004,34.4712792801232,134.260131418705,669
SHP0004,34.4714362714166,134.259380400181,670
SHP0004,34.4715136614909,134.259098768234,671
SHP0004,34.4715844181302,134.258849322796,672
SHP0004,34.4716794973642,134.258508682251,673
SHP0004,34.4717082422489,134.258441627026,674
SHP0004,34.4718299229518,134.258219003677,675
SHP0004,34.4719183719195,134.258025884628,676
SHP0004,34.4723783050407,134.257457256317,677
SHP0004,34.4725640465442,134.257221221924,678
SHP0004,34.4730283984943,134.256395101547,679
SHP0004,34.4734662136806,134.255665540695,680
SHP0004,34.4735590832733,134.255440235138,681
SHP0004,34.4738951818878,134.25445318222,682
SHP0004,34.4740586893607,134.254257380962,683
SHP0004,34.474339504773,134.254037439823,684
SHP0004,34.4746313759101,134.253838956356,685
SHP0004,34.4746866545345,134.253782629967,686
SHP0004,34.474741933159,134.253704845905,687
SHP0004,34.4748016340734,134.253602921963,688
SHP0004,34.4750006371214,134.25331056118,689
SHP0004,34.4751576284149,134.253050386906,690
SHP0004,34.4752350184891,134.2529296875,691
SHP0004,34.4753234642883,134.252784848213,692
SHP0004,34.4754649775669,134.252583682537,693
SHP0004,34.4755291007712,134.252476394176,694
SHP0004,34.4756396580201,134.252259135246,695
SHP0004,34.4756927254996,134.252106249332,696
SHP0004,34.4757612709939,134.251779019833,697
SHP0004,34.475860772518,134.251347184181,698
SHP0004,34.4759049954175,134.251151382923,699
SHP0004,34.4760266083913,134.250826835632,700
SHP0004,34.4761659105249,134.250529110432,701
SHP0004,34.4762941569337,134.250220656395,702
SHP0004,34.4764400925022,134.249998033047,703
SHP0004,34.4764555705171,134.249992668629,704
SHP0004,34.4765064268516,134.249925613403,705
SHP0004,34.4766877407398,134.249772727489,706
SHP0004,34.4768513654682,134.249686896801,707
SHP0004,34.4766059283756,134.249217510223,708
SHP0004,34.4764378813573,134.248951971531,709
SHP0004,34.4762786789188,134.248713254929,710
SHP0004,34.4761526436551,134.248528182507,711
SHP0004,34.475854139083,134.248023927212,712
SHP0004,34.4757059923695,134.247753024101,713
SHP0004,34.4753787429127,134.24707710743,714
SHP0004,34.4751067720804,134.246441423893,715
SHP0004,34.4750559157459,134.24628585577,716
SHP0004,34.4750006371214,134.246159791946,717
SHP0004,34.4747684668987,134.245636761189,718
SHP0004,34.4746556985048,134.245451688766,719
SHP0004,34.4744655400367,134.245180785656,720
SHP0004,34.4740896453904,134.24473553896,721
SHP0004,34.4739835104315,134.244588017464,722
SHP0004,34.4738729531826,134.244413673878,723
SHP0004,34.4738132522682,134.24429833889,724
SHP0004,34.4737447067738,134.244046211243,725
SHP0004,34.4737159618891,134.243853092194,726
SHP0004,34.4737203841791,134.243566095829,727
SHP0004,34.4737137507441,134.243193268776,728
SHP0004,34.4737026950192,134.243088662624,729
SHP0004,34.4736827947144,134.242895543575,730
SHP0004,34.4736341495249,134.242678284645,731
SHP0004,34.4735722374655,134.242506623268,732
SHP0004,34.4734860028114,134.242305457592,733
SHP0004,34.4732958443433,134.241943359375,734
SHP0004,34.4731454864848,134.241664409637,735
SHP0004,34.4730570406856,134.241500794888,736
SHP0004,34.4728801490874,134.241176247597,737
SHP0004,34.4727231577939,134.240878522396,738
SHP0004,34.4721725826944,134.239835143089,739
SHP0004,34.4713633036323,134.238322377205,740
SHP0004,34.4709321303616,134.237434566021,741
SHP0004,34.4708083062428,134.237182438374,742
SHP0004,34.4707508164734,134.237101972103,743
SHP0004,34.47105066429,134.236677295522,744
SHP0004,34.471085712347,134.236627656711,745
SHP0004,34.4711598782944,134.236522614956,746
SHP0004,34.4712107346288,134.236431419849,747
SHP0004,34.471400893097,134.236190021038,748
SHP0004,34.4714937611861,134.236012995243,749
SHP0004,34.4715711512603,134.235817193985,750
SHP0004,34.471599896145,134.235675036907,751
SHP0004,34.4716065295799,134.235535562038,752
SHP0004,34.471599896145,134.235127866268,753
SHP0004,34.4715755735502,134.234897196293,754
SHP0004,34.4715401952306,134.234722852707,755
SHP0004,34.4714230045468,134.234374165535,756
SHP0004,34.4713721482123,134.234264194965,757
SHP0004,34.4712549575284,134.234046936035,758
SHP0004,34.4711576671494,134.233907461166,759
SHP0004,34.4710714324952,134.233743846416,760
SHP0004,34.4710537433354,134.233671426773,761
SHP0004,34.4710493210454,134.233596324921,762
SHP0004,34.4710846993651,134.233456850052,763
SHP0004,34.4711156553948,134.233371019363,764
SHP0004,34.4711289222647,134.233330786228,765
SHP0004,34.4713168695878,134.23283457756,766
SHP0004,34.4714495382865,134.232555627823,767
SHP0004,34.4715512509555,134.23242688179,768
SHP0004,34.4716153741599,134.232386648655,769
SHP0004,34.4716861307992,134.232362508774,770
SHP0004,34.4717568874385,134.232359826565,771
SHP0004,34.4719514681965,134.232467114925,772
SHP0004,34.472311884828,134.232687056065,773
SHP0004,34.4725285770358,134.232821166515,774
SHP0004,34.4725639553555,134.232847988605,775
SHP0004,34.4725869463428,134.232860869069,776
SHP0004,34.4731145304551,134.233156442642,777
SHP0004,34.4734307241869,134.233309328556,778
SHP0004,34.4735103254062,134.233330786228,779
SHP0004,34.4735722374655,134.233349561691,780
SHP0004,34.4736098269302,134.233360290527,781
SHP0004,34.4737690293686,134.233373701572,782
SHP0004,34.4739061203572,134.233354926109,783
SHP0004,34.4740100441712,134.233330786228,784
SHP0004,34.4744633288917,134.233234226704,785
SHP0004,34.47464022049,134.233226180077,786
SHP0004,34.4750006371214,134.233263731003,787
SHP0004,34.4752040624594,134.233290553093,788
SHP0004,34.4753743206228,134.233330786228,789
SHP0004,34.4754030655075,134.233338832855,790
SHP0004,34.4756706140498,134.233416616917,791
SHP0004,34.476364913573,134.23354268074,792
SHP0004,34.476468837387,134.233556091785,793
SHP0004,34.476762919669,134.233596324921,794
SHP0004,34.4769840341669,134.233633875847,795
SHP0004,34.4772029375197,134.233682155609,796
SHP0004,34.4772869610289,134.233684837818,797
SHP0004,34.4773223393485,134.233666062355,798
SHP0004,34.4776650668201,134.233416616917,799
SHP0004,34.477782257504,134.233330786228,800
SHP0004,34.4778574364332,134.233277142048,801
SHP0004,34.4780210611616,134.233145713806,802
SHP0004,34.478182474745,134.233016967773,803
SHP0004,34.4784288109837,134.232841109611,804
SHP0004,34.4786446040455,134.232687056065,805
SHP0004,34.4789276306027,134.232467114925,806
SHP0004,34.4790647215913,134.232370555401,807
SHP0004,34.4791133667809,134.232316911221,808
SHP0004,34.4792217128848,134.23218280077,809
SHP0004,34.4793455370036,134.232005774975,810
SHP0004,34.4793919710481,134.231933355331,811
SHP0004,34.4794361891475,134.231866300106,812
SHP0004,34.4795224144414,134.231737554073,813
SHP0004,34.4797855121329,134.231321811676,814
SHP0004,34.4798319411373,134.231249392033,815
SHP0004,34.4799867044853,134.23095703125,816
SHP0004,34.480086195209,134.230637848377,817
SHP0004,34.4801215696885,134.23052251339,818
SHP0004,34.4802122167923,134.230141639709,819
SHP0004,34.4803028638961,134.229886829853,820
SHP0004,34.4804996344386,134.229516685009,821
SHP0004,34.4808213266628,134.228952190012,822
SHP0004,34.4808710664737,134.228864908218,823
SHP0004,34.481001509867,134.228682518005,824
SHP0004,34.4811275314503,134.228323101997,825
SHP0004,34.481151851405,134.228229224682,826
SHP0004,34.4811717495498,134.228100478649,827
SHP0004,34.4812358657939,134.227459430695,828
SHP0004,34.481302192943,134.226842522621,829
SHP0004,34.4812999820381,134.226703047752,830
SHP0004,34.4812756620834,134.226501882076,831
SHP0004,34.4812203894591,134.226343631744,832
SHP0004,34.4811363750702,134.22613710165,833
SHP0004,34.4808180047544,134.22548532486,834
SHP0004,34.4806742959313,134.225190281868,835
SHP0004,34.480616812402,134.225050806999,836
SHP0004,34.4805947033523,134.224999845028,837
SHP0004,34.4805836488275,134.224970340729,838
SHP0004,34.4805681724927,134.224860370159,839
SHP0004,34.4805572432371,134.224755402507,840
SHP0004,34.480541641633,134.224605560303,841
SHP0004,34.480541641633,134.224546551704,842
SHP0004,34.480541641633,134.224337339401,843
SHP0004,34.4803581365204,134.224275648594,844
SHP0004,34.480238747652,134.224278330803,845
SHP0004,34.4801259914985,134.224302470684,846
SHP0004,34.480088406114,134.224334657192,847
SHP0004,34.4800419771096,134.224404394627,848
SHP0004,34.4799424863859,134.224621653557,849
SHP0004,34.4797744576081,134.224999845028,850
SHP0004,34.4797412940335,134.225072264671,851
SHP0004,34.4798783951256,134.225463867188,852
SHP0004,34.4799977896929,134.225603342056,853
SHP0004,34.4799226153556,134.225812554359,854
SHP0004,34.4797634224178,134.225753545761,855
SHP0004,34.4798187618195,134.225614115811,856
SHP0005,34.4798783951256,134.225463867188,1
SHP0005,34.4797412940335,134.225072264671,2
SHP0005,34.4797744576081,134.224999845028,3
SHP0005,34.4799424863859,134.224621653557,4
SHP0005,34.4800419771096,134.224404394627,5
SHP0005,34.480088406114,134.224334657192,6
SHP0005,34.4801259914985,134.224302470684,7
SHP0005,34.480238747652,134.224278330803,8
SHP0005,34.4803581365204,134.224275648594,9
SHP0005,34.480541641633,134.224337339401,10
SHP0005,34.480541641633,134.224546551704,11
SHP0005,34.480541641633,134.224605560303,12
SHP0005,34.4805572432371,134.224755402507,13
SHP0005,34.4805681724927,134.224860370159,14
SHP0005,34.4805836488275,134.224970340729,15
SHP0005,34.4805947033523,134.224999845028,16
SHP0005,34.480616812402,134.225050806999,17
SHP0005,34.4806742959313,134.225190281868,18
SHP0005,34.4808180047544,134.22548532486,19
SHP0005,34.4811363750702,134.22613710165,20
SHP0005,34.4812203894591,134.226343631744,21
SHP0005,34.4812756620834,134.226501882076,22
SHP0005,34.4812999820381,134.226703047752,23
SHP0005,34.481302192943,134.226842522621,24
SHP0005,34.4812358657939,134.227459430695,25
SHP0005,34.4811717495498,134.228100478649,26
SHP0005,34.481151851405,134.228229224682,27
SHP0005,34.4811275314503,134.228323101997,28
SHP0005,34.481001509867,134.228682518005,29
SHP0005,34.4808710664737,134.228864908218,30
SHP0005,34.4808213266628,134.228952190012,31
SHP0005,34.4804996344386,134.229516685009,32
SHP0005,34.4803028638961,134.229886829853,33
SHP0005,34.4802122167923,134.230141639709,34
SHP0005,34.4801215696885,134.23052251339,35
SHP0005,34.480086195209,134.230637848377,36
SHP0005,34.4799867044853,134.23095703125,37
SHP0005,34.4798319411373,134.231249392033,38
SHP0005,34.4797855121329,134.231321811676,39
SHP0005,34.4795224144414,134.231737554073,40
SHP0005,34.4794361891475,134.231866300106,41
SHP0005,34.4793919710481,134.231933355331,42
SHP0005,34.4793455370036,134.232005774975,43
SHP0005,34.4792217128848,134.23218280077,44
SHP0005,34.4791133667809,134.232316911221,45
SHP0005,34.4790647215913,134.232370555401,46
SHP0005,34.4789276306027,134.232467114925,47
SHP0005,34.4786446040455,134.232687056065,48
SHP0005,34.4784288109837,134.232841109611,49
SHP0005,34.478182474745,134.233016967773,50
SHP0005,34.4780210611616,134.233145713806,51
SHP0005,34.4778574364332,134.233277142048,52
SHP0005,34.477782257504,134.233330786228,53
SHP0005,34.4776650668201,134.233416616917,54
SHP0005,34.4773223393485,134.233666062355,55
SHP0005,34.4772869610289,134.233684837818,56
SHP0005,34.4772029375197,134.233682155609,57
SHP0005,34.4769840341669,134.233633875847,58
SHP0005,34.476762919669,134.233596324921,59
SHP0005,34.476468837387,134.233556091785,60
SHP0005,34.476364913573,134.23354268074,61
SHP0005,34.4756706140498,134.233416616917,62
SHP0005,34.4754030655075,134.233338832855,63
SHP0005,34.4753743206228,134.233330786228,64
SHP0005,34.4752040624594,134.233290553093,65
SHP0005,34.4750006371214,134.233263731003,66
SHP0005,34.47464022049,134.233226180077,67
SHP0005,34.4744633288917,134.233234226704,68
SHP0005,34.4740100441712,134.233330786228,69
SHP0005,34.4739061203572,134.233354926109,70
SHP0005,34.4737690293686,134.233373701572,71
SHP0005,34.4736098269302,134.233360290527,72
SHP0005,34.4735722374655,134.233349561691,73
SHP0005,34.4735103254062,134.233330786228,74
SHP0005,34.4734307241869,134.233309328556,75
SHP0005,34.4731145304551,134.233156442642,76
SHP0005,34.4725869463428,134.232860869069,77
SHP0005,34.4725639553555,134.232847988605,78
SHP0005,34.4725285770358,134.232821166515,79
SHP0005,34.472311884828,134.232687056065,80
SHP0005,34.4719514681965,134.232467114925,81
SHP0005,34.4717568874385,134.232359826565,82
SHP0005,34.4716861307992,134.232362508774,83
SHP0005,34.4716153741599,134.232386648655,84
SHP0005,34.4715512509555,134.23242688179,85
SHP0005,34.4714495382865,134.232555627823,86
SHP0005,34.4713168695878,134.23283457756,87
SHP0005,34.4711289222647,134.233330786228,88
SHP0005,34.4711156553948,134.233371019363,89
SHP0005,34.4710846993651,134.233456850052,90
SHP0005,34.4710493210454,134.233596324921,91
SHP0005,34.4710537433354,134.233671426773,92
SHP0005,34.4710714324952,134.233743846416,93
SHP0005,34.4711576671494,134.233907461166,94
SHP0005,34.4712549575284,134.234046936035,95
SHP0005,34.4713721482123,134.234264194965,96
SHP0005,34.4714230045468,134.234374165535,97
SHP0005,34.4715401952306,134.234722852707,98
SHP0005,34.4715755735502,134.234897196293,99
SHP0005,34.471599896145,134.235127866268,100
SHP0005,34.4716065295799,134.235535562038,101
SHP0005,34.471599896145,134.235675036907,102
SHP0005,34.4715711512603,134.235817193985,103
SHP0005,34.4714937611861,134.236012995243,104
SHP0005,34.471400893097,134.236190021038,105
SHP0005,34.4712107346288,134.236431419849,106
SHP0005,34.4711598782944,134.236522614956,107
SHP0005,34.471085712347,134.236627656711,108
SHP0005,34.47105066429,134.236677295522,109
SHP0005,34.4707508164734,134.237101972103,110
SHP0005,34.4708083062428,134.237182438374,111
SHP0005,34.4709321303616,134.237434566021,112
SHP0005,34.4713633036323,134.238322377205,113
SHP0005,34.4721725826944,134.239835143089,114
SHP0005,34.4727231577939,134.240878522396,115
SHP0005,34.4728801490874,134.241176247597,116
SHP0005,34.4730570406856,134.241500794888,117
SHP0005,34.4731454864848,134.241664409637,118
SHP0005,34.4732958443433,134.241943359375,119
SHP0005,34.4734860028114,134.242305457592,120
SHP0005,34.4735722374655,134.242506623268,121
SHP0005,34.4736341495249,134.242678284645,122
SHP0005,34.4736827947144,134.242895543575,123
SHP0005,34.4737026950192,134.243088662624,124
SHP0005,34.4737137507441,134.243193268776,125
SHP0005,34.4737203841791,134.243566095829,126
SHP0005,34.4737159618891,134.243853092194,127
SHP0005,34.4737447067738,134.244046211243,128
SHP0005,34.4738132522682,134.24429833889,129
SHP0005,34.4738729531826,134.244413673878,130
SHP0005,34.4739835104315,134.244588017464,131
SHP0005,34.4740896453904,134.24473553896,132
SHP0005,34.4744655400367,134.245180785656,133
SHP0005,34.4746556985048,134.245451688766,134
SHP0005,34.4747684668987,134.245636761189,135
SHP0005,34.4750006371214,134.246159791946,136
SHP0005,34.4750559157459,134.24628585577,137
SHP0005,34.4751067720804,134.246441423893,138
SHP0005,34.4753787429127,134.24707710743,139
SHP0005,34.4757059923695,134.247753024101,140
SHP0005,34.475854139083,134.248023927212,141
SHP0005,34.4761526436551,134.248528182507,142
SHP0005,34.4762786789188,134.248713254929,143
SHP0005,34.4764378813573,134.248951971531,144
SHP0005,34.4766059283756,134.249217510223,145
SHP0005,34.4768513654682,134.249686896801,146
SHP0005,34.4766877407398,134.249772727489,147
SHP0005,34.4765064268516,134.249925613403,148
SHP0005,34.4764555705171,134.249992668629,149
SHP0005,34.4764400925022,134.249998033047,150
SHP0005,34.4762941569337,134.250220656395,151
SHP0005,34.4761659105249,134.250529110432,152
SHP0005,34.4760266083913,134.250826835632,153
SHP0005,34.4759049954175,134.251151382923,154
SHP0005,34.475860772518,134.251347184181,155
SHP0005,34.4757612709939,134.251779019833,156
SHP0005,34.4756927254996,134.252106249332,157
SHP0005,34.4756396580201,134.252259135246,158
SHP0005,34.4755291007712,134.252476394176,159
SHP0005,34.4754649775669,134.252583682537,160
SHP0005,34.4753234642883,134.252784848213,161
SHP0005,34.4752350184891,134.2529296875,162
SHP0005,34.4751576284149,134.253050386906,163
SHP0005,34.4750006371214,134.25331056118,164
SHP0005,34.4748016340734,134.253602921963,165
SHP0005,34.474741933159,134.253704845905,166
SHP0005,34.4746866545345,134.253782629967,167
SHP0005,34.4746313759101,134.253838956356,168
SHP0005,34.474339504773,134.254037439823,169
SHP0005,34.4740586893607,134.254257380962,170
SHP0005,34.4738951818878,134.25445318222,171
SHP0005,34.4735590832733,134.255440235138,172
SHP0005,34.4734662136806,134.255665540695,173
SHP0005,34.4730283984943,134.256395101547,174
SHP0005,34.4725640465442,134.257221221924,175
SHP0005,34.4723783050407,134.257457256317,176
SHP0005,34.4719183719195,134.258025884628,177
SHP0005,34.4718299229518,134.258219003677,178
SHP0005,34.4717082422489,134.258441627026,179
SHP0005,34.4716794973642,134.258508682251,180
SHP0005,34.4715844181302,134.258849322796,181
SHP0005,34.4715136614909,134.259098768234,182
SHP0005,34.4714362714166,134.259380400181,183
SHP0005,34.4712792801232,134.260131418705,184
SHP0005,34.4712439018035,134.260303080082,185
SHP0005,34.4711864120341,134.260584712029,186
SHP0005,34.4711488225695,134.261113107204,187
SHP0005,34.4711510337144,134.261169433594,188
SHP0005,34.4711576671494,134.261392056942,189
SHP0005,34.4711775674542,134.261555671692,190
SHP0005,34.4711731451642,134.26167100668,191
SHP0005,34.4711488225695,134.261823892593,192
SHP0005,34.4711333445546,134.261866807938,193
SHP0005,34.4711134442498,134.261933863163,194
SHP0005,34.4710670102053,134.262046515942,195
SHP0005,34.4709277080716,134.262467622757,196
SHP0005,34.4709011743319,134.262711703777,197
SHP0005,34.4709166523468,134.262915551662,198
SHP0005,34.4709785644061,134.263210594654,199
SHP0005,34.4710316318856,134.26343858242,200
SHP0005,34.4710869105101,134.263634383678,201
SHP0005,34.4711421891345,134.263894557953,202
SHP0005,34.4711444002795,134.263916015625,203
SHP0005,34.4711554560044,134.264074265957,204
SHP0005,34.4711510337144,134.264213740826,205
SHP0005,34.4711377668446,134.264339804649,206
SHP0005,34.4711134442498,134.264439046383,207
SHP0005,34.4710161538708,134.264594614506,208
SHP0005,34.4705230685406,134.265195429325,209
SHP0005,34.4703970332769,134.265383183956,210
SHP0005,34.4703351212175,134.265597760677,211
SHP0005,34.4703218529078,134.265654087067,212
SHP0005,34.4702997390582,134.265871345997,213
SHP0005,34.4703063732131,134.266002774239,214
SHP0005,34.4703351212175,134.266273677349,215
SHP0005,34.4703926109869,134.266641139984,216
SHP0005,34.4703948221319,134.266665279865,217
SHP0005,34.4705230685406,134.267547726631,218
SHP0005,34.4705540245703,134.26774084568,219
SHP0005,34.4705761360201,134.267950057983,220
SHP0005,34.4705849806,134.268234372139,221
SHP0005,34.47058940289,134.268607199192,222
SHP0005,34.4705805583101,134.268835186958,223
SHP0005,34.4705672914402,134.269178509712,224
SHP0005,34.4705319131205,134.269709587097,225
SHP0005,34.4705142239607,134.269910752773,226
SHP0005,34.470485479076,134.270106554031,227
SHP0005,34.470487690221,134.270181655884,228
SHP0005,34.4704744233511,134.270275533199,229
SHP0005,34.4704368338865,134.270449876785,230
SHP0005,34.4703351212175,134.270680546761,231
SHP0005,34.4702532999741,134.270833432674,232
SHP0005,34.4702223405847,134.270889759064,233
SHP0005,34.4700100476289,134.27117139101,234
SHP0005,34.4699127466909,134.271294772625,235
SHP0005,34.4698331368324,134.271503984928,236
SHP0005,34.4697844863634,134.27182585001,237
SHP0005,34.4697645838988,134.271951913834,238
SHP0005,34.4697402586643,134.272405207157,239
SHP0005,34.4697491042041,134.272764623165,240
SHP0005,34.469755738359,134.27291482687,241
SHP0005,34.4697844863634,134.273400306702,242
SHP0005,34.4697911205183,134.273523688316,243
SHP0005,34.4698220799077,134.273966252804,244
SHP0005,34.4698353482174,134.27414059639,245
SHP0005,34.4698508279121,134.274344444275,246
SHP0005,34.4698862100714,134.274644851685,247
SHP0005,34.4698873276216,134.274709915051,248
SHP0005,34.4698906328413,134.27490234375,249
SHP0005,34.4698906328413,134.274983,250
SHP0005,34.4698906328413,134.274998903275,251
SHP0005,34.4698972669962,134.275299310684,252
SHP0005,34.4699260150006,134.275741875172,253
SHP0005,34.469954763005,134.276179075241,254
SHP0005,34.4699967793192,134.276712834835,255
SHP0005,34.4700631208679,134.277426302433,256
SHP0005,34.470109559952,134.277563095093,257
SHP0005,34.4702024381201,134.277643561363,258
SHP0005,34.4703351212175,134.277777671814,259
SHP0005,34.4705363354105,134.277981519699,260
SHP0005,34.4708060950978,134.278255105019,261
SHP0005,34.4709033854769,134.278410673141,262
SHP0005,34.4710736436402,134.278670847416,263
SHP0005,34.471190834324,134.278920292854,264
SHP0005,34.4713434033275,134.279470145702,265
SHP0005,34.4714650163013,134.27991271019,266
SHP0005,34.4714937611861,134.280172884464,267
SHP0005,34.4714893388961,134.280341863632,268
SHP0005,34.4714738608812,134.280492067337,269
SHP0005,34.4713633036323,134.281039237976,270
SHP0005,34.4711819897441,134.281935095787,271
SHP0005,34.4711488225695,134.282173812389,272
SHP0005,34.4711709751912,134.282460808754,273
SHP0005,34.4712284674849,134.282739758492,274
SHP0005,34.4713699868082,134.283029437065,275
SHP0005,34.4716132225846,134.283222556114,276
SHP0005,34.4718653025501,134.28348004818,277
SHP0005,34.4720708700254,134.283702671528,278
SHP0005,34.4726811460393,134.284260571003,279
SHP0005,34.4728292927529,134.284429550171,280
SHP0005,34.4729995509162,134.284724593163,281
SHP0005,34.4731631756446,134.28503036499,282
SHP0005,34.4733135335031,134.285381734371,283
SHP0005,34.4733776567075,134.285585582256,284
SHP0005,34.4734373576219,134.285867214203,285
SHP0005,34.4734439910568,134.285888671875,286
SHP0005,34.473521381131,134.286231994629,287
SHP0005,34.4735390702909,134.286301732063,288
SHP0005,34.4736429941048,134.286693334579,289
SHP0005,34.4736827947144,134.286878407001,290
SHP0005,34.4737800850935,134.287299513817,291
SHP0005,34.4738840089075,134.287776947021,292
SHP0005,34.4739591878367,134.288112223148,293
SHP0005,34.4739812992865,134.288214147091,294
SHP0005,34.4740542670708,134.28851723671,295
SHP0005,34.4741161791302,134.288836419582,296
SHP0005,34.4742952818734,134.289321899414,297
SHP0005,34.4747330885791,134.290381371975,298
SHP0005,34.4747507777389,134.290410876274,299
SHP0005,34.474848068118,134.290577173233,300
SHP0005,34.4750006371214,134.290797114372,301
SHP0005,34.4751111943703,134.290963411331,302
SHP0005,34.4754229658123,134.291422069073,303
SHP0005,34.4755578456559,134.291666150093,304
SHP0005,34.4756485026,134.291827082634,305
SHP0005,34.4757767490088,134.292175769806,306
SHP0005,34.4758895174027,134.29243594408,307
SHP0005,34.4760022857966,134.292553961277,308
SHP0005,34.4761437990752,134.292631745338,309
SHP0005,34.476358280138,134.292717576027,310
SHP0005,34.4766147729555,134.292803406715,311
SHP0005,34.4769000106577,134.292883872986,312
SHP0005,34.4771631369101,134.293001890182,313
SHP0005,34.4775854656009,134.293213784695,314
SHP0005,34.4777446680394,134.293339848518,315
SHP0005,34.4780475949014,134.293522238731,316
SHP0005,34.478790539614,134.294106960297,317
SHP0005,34.4788657185433,134.294093549252,318
SHP0005,34.478998387242,134.294249117374,319
SHP0005,34.479195179145,134.29445296526,320
SHP0005,34.4793919710481,134.294718503952,321
SHP0005,34.4796196942601,134.295056462288,322
SHP0005,34.4797390831285,134.295292496681,323
SHP0005,34.4799446972909,134.295952320099,324
SHP0005,34.4799822826754,134.296064972878,325
SHP0005,34.4800530316344,134.296349287033,326
SHP0005,34.4800729297792,134.296614825726,327
SHP0005,34.4800640861593,134.296875,328
SHP0005,34.4800574534444,134.296990334988,329
SHP0005,34.4800242898698,134.297277331352,330
SHP0005,34.4799977590102,134.297548234463,331
SHP0005,34.4799601736256,134.297778904438,332
SHP0005,34.4798783701417,134.298111498356,333
SHP0005,34.4797545594633,134.298457503319,334
SHP0005,34.4793919710481,134.299098551273,335
SHP0005,34.4792526689145,134.299345314503,336
SHP0005,34.4792336209629,134.299376472516,337
SHP0005,34.4791949132316,134.299439789349,338
SHP0005,34.4791067333459,134.299584031105,339
SHP0005,34.4790315544167,134.2997610569,340
SHP0005,34.4790160764018,134.299879074097,341
SHP0005,34.4789873315171,134.299954175949,342
SHP0005,34.4789851203721,134.299999773502,343
SHP0005,34.478998387242,134.300613999367,344
SHP0005,34.4789674312123,134.300828576088,345
SHP0005,34.4789541643424,134.300927817822,346
SHP0005,34.4788413959485,134.301944375038,347
SHP0005,34.4787551612944,134.303076267242,348
SHP0005,34.4787219941197,134.303508102894,349
SHP0005,34.478697671525,134.303827285767,350
SHP0005,34.4786711377852,134.304210841656,351
SHP0005,34.4786534486254,134.304481744766,352
SHP0005,34.4786092257258,134.305117428303,353
SHP0005,34.4786180703057,134.30550634861,354
SHP0005,34.4786711377852,134.306034743786,355
SHP0005,34.4787529501494,134.306885004044,356
SHP0005,34.4787839061791,134.307147860527,357
SHP0005,34.4787839061791,134.30716663599,358
SHP0005,34.4788038064839,134.307354390621,359
SHP0005,34.4788126510638,134.307485818863,360
SHP0005,34.4788458182385,134.307861328125,361
SHP0005,34.4788856188481,134.308330714703,362
SHP0005,34.4789696423573,134.309095144272,363
SHP0005,34.4789718535023,134.309119284153,364
SHP0005,34.4789917538071,134.309366047382,365
SHP0005,34.4791421116656,134.3106803298,366
SHP0005,34.4791487451005,134.310940504074,367
SHP0005,34.4791443228105,134.311039745808,368
SHP0005,34.4791310559407,134.311122894287,369
SHP0005,34.4788237067887,134.312324523926,370
SHP0005,34.4785075130568,134.313528835773,371
SHP0005,34.4783527329084,134.314094781876,372
SHP0005,34.4783054746881,134.314260145765,373
SHP0005,34.4781802636001,134.314698278904,374
SHP0005,34.4781470964254,134.31489944458,375
SHP0005,34.4781050846708,134.315060377121,376
SHP0005,34.4780498060464,134.315223991871,377
SHP0005,34.4780436755758,134.3152354728,378
SHP0005,34.4779237707826,134.315460026264,379
SHP0005,34.4778684921581,134.315535128117,380
SHP0005,34.4776495888053,134.315916001797,381
SHP0005,34.4774925975118,134.316194951534,382
SHP0005,34.4773975182778,134.31634247303,383
SHP0005,34.4772117820996,134.31661605835,384
SHP0005,34.4771830372149,134.316664338112,385
SHP0005,34.4764776819669,134.317887425423,386
SHP0005,34.476367124718,134.317941069603,387
SHP0005,34.4761437990752,134.318051040173,388
SHP0005,34.4757015700795,134.318252205849,389
SHP0005,34.4751001386455,134.31849360466,390
SHP0005,34.4750006371214,134.318531155586,391
SHP0005,34.4746291647651,134.318686723709,392
SHP0005,34.4745965822848,134.318703022215,393
SHP0005,34.4744146837022,134.31879401207,394
SHP0005,34.4742864372935,134.31884765625,395
SHP0005,34.4741729375186,134.318894541822,396
SHP0005,34.4738773754725,134.319016635418,397
SHP0005,34.4725927002402,134.31955575943,398
SHP0005,34.4725528996306,134.319579899311,399
SHP0005,34.4719956910961,134.319815933704,400
SHP0005,34.471500394621,134.320022463799,401
SHP0005,34.4713898373721,134.320070743561,402
SHP0005,34.4712682243983,134.320121705532,403
SHP0005,34.4707132270088,134.320357739925,404
SHP0005,34.4705031682358,134.320451617241,405
SHP0005,34.4704589453363,134.320451617241,406
SHP0005,34.4703351212175,134.320446252823,407
SHP0005,34.4702798365936,134.320440888405,408
SHP0005,34.4699680313148,134.320403337479,409
SHP0005,34.4697933319032,134.320368468761,410
SHP0005,34.4694616241598,134.320277273655,411
SHP0005,34.4694350875403,134.320266544819,412
SHP0005,34.4691299164164,134.320169985294,413
SHP0005,34.4687252329694,134.320057332516,414
SHP0005,34.4686080295667,134.320022463799,415
SHP0005,34.468238728279,134.319899082184,416
SHP0005,34.4678561586816,134.319748878479,417
SHP0005,34.4676217518763,134.319687187672,418
SHP0005,34.4668720923761,134.31952893734,419
SHP0005,34.4666937107315,134.319491309388,420
SHP0005,34.4666686449602,134.319486021996,421
SHP0005,34.4666028372573,134.319472617318,422
SHP0005,34.4663789535309,134.319427013397,423
SHP0005,34.4663104005973,134.319413602352,424
SHP0005,34.4661135873362,134.319341182709,425
SHP0005,34.4658063276885,134.31914806366,426
SHP0005,34.4656205711454,134.318944215775,427
SHP0005,34.4653950090731,134.318735003471,428
SHP0005,34.4652225200182,134.318697452545,429
SHP0005,34.4649306146519,134.318665266037,430
SHP0005,34.4646147870272,134.318637297403,431
SHP0005,34.4645368698624,134.31863039732,432
SHP0005,34.4642891947473,134.318579435349,433
SHP0005,34.4642316987385,134.318568706512,434
SHP0005,34.4638380722163,134.318421185017,435
SHP0005,34.4636957984546,134.31836877037,436
SHP0005,34.4633648358357,134.318246841431,437
SHP0005,34.4631149493356,134.318096637726,438
SHP0005,34.4630884127161,134.318077862263,439
SHP0005,34.4627788188223,134.317860603333,440
SHP0005,34.4624979729329,134.317643344402,441
SHP0005,34.4620955008708,134.317152500153,442
SHP0005,34.461984931623,134.316994249821,443
SHP0005,34.461851199226,134.316756734996,444
SHP0005,34.4617991752867,134.316664338112,445
SHP0005,34.4617438906628,134.316562414169,446
SHP0005,34.4616830719132,134.316486341314,447
SHP0005,34.4616731263442,134.316473901272,448
SHP0005,34.4615780367911,134.316377341747,449
SHP0005,34.4615404432468,134.316355884075,450
SHP0005,34.4614276626141,134.31631565094,451
SHP0005,34.4612772884371,134.31628882885,452
SHP0005,34.4610428561971,134.316251277924,453
SHP0005,34.4608880424538,134.316251277924,454
SHP0005,34.4607686147089,134.316283464432,455
SHP0005,34.4606934194622,134.316331744194,456
SHP0005,34.4606182242154,134.316406846046,457
SHP0005,34.4604722569717,134.316664338112,458
SHP0005,34.4603395594774,134.316905736923,459
SHP0005,34.4602444596065,134.317074716091,460
SHP0005,34.4601869573589,134.317155182362,461
SHP0005,34.4601316667363,134.31721419096,462
SHP0005,34.4600299319907,134.31726783514,463
SHP0005,34.4599392553696,134.317302703857,464
SHP0005,34.4597800183764,134.317340254784,465
SHP0005,34.4594770257645,134.317369759083,466
SHP0005,34.4593664445192,134.317391216755,467
SHP0005,34.4592868260226,134.317396581173,468
SHP0005,34.4592005726513,134.3174046278,469
SHP0005,34.4591076844053,134.317396581173,470
SHP0005,34.4589860450356,134.317364394665,471
SHP0005,34.4589329660378,134.317329525948,472
SHP0005,34.4589152730386,134.317316114902,473
SHP0005,34.4587029570477,134.317152500153,474
SHP0005,34.4584950643067,134.316986203194,475
SHP0005,34.4584287155595,134.316919147968,476
SHP0005,34.4583336156886,134.316825270653,477
SHP0005,34.458324769189,134.316814541817,478
SHP0005,34.4582163995687,134.316664338112,479
SHP0005,34.4580173533272,134.316345155239,480
SHP0005,34.4579465813303,134.316270053387,481
SHP0005,34.4578780209582,134.316240549088,482
SHP0005,34.4577740745877,134.316240549088,483
SHP0005,34.4577099374654,134.316267371178,484
SHP0005,34.4576413770934,134.316310286522,485
SHP0005,34.4575860864708,134.316377341747,486
SHP0005,34.4575529120972,134.316433668137,487
SHP0005,34.4575418539727,134.316664338112,488
SHP0005,34.4575418539727,134.316699206829,489
SHP0005,34.4575396423478,134.316787719727,490
SHP0005,34.4575551237221,134.317356348038,491
SHP0005,34.4575816632209,134.31756824255,492
SHP0005,34.457628107344,134.317713081837,493
SHP0005,34.4577033025907,134.317876696587,494
SHP0005,34.4577519583386,134.317951798439,495
SHP0005,34.4581987065694,134.318525791168,496
SHP0005,34.4582363041928,134.318584799767,497
SHP0005,34.4582761134411,134.318689405918,498
SHP0005,34.4583048645649,134.31884765625,499
SHP0005,34.4583159226894,134.318912029266,500
SHP0005,34.4583336156886,134.319024682045,501
SHP0005,34.4583490970629,134.319115877151,502
SHP0005,34.4584088109354,134.319569170475,503
SHP0005,34.4583889063112,134.319687187672,504
SHP0005,34.4583336156886,134.319832026958,505
SHP0005,34.4583314040637,134.319840073586,506
SHP0005,34.4582252460683,134.320089519024,507
SHP0005,34.4581655321958,134.320242404938,508
SHP0005,34.4581212996977,134.320355057716,509
SHP0005,34.4580040835778,134.32056427002,510
SHP0005,34.4578802325831,134.320730566978,511
SHP0005,34.4576701282171,134.321017563343,512
SHP0005,34.4574666587259,134.321304559708,513
SHP0005,34.4573848286044,134.321409165859,514
SHP0005,34.4572278032362,134.321613013744,515
SHP0005,34.4570154872453,134.321827590466,516
SHP0005,34.4566506919255,134.321535229683,517
SHP0005,34.4565489569993,134.321411848068,518
SHP0005,34.4565091476466,134.321272373199,519
SHP0005,34.4565489569993,134.321411848068,520
SHP0005,34.4566506919255,134.321535229683,521
SHP0005,34.4570154872453,134.321827590466,522
SHP0005,34.4572278032362,134.321613013744,523
SHP0005,34.4573848286044,134.321409165859,524
SHP0005,34.4574666587259,134.321304559708,525
SHP0005,34.4576701282171,134.321017563343,526
SHP0005,34.4578802325831,134.320730566978,527
SHP0005,34.4580040835778,134.32056427002,528
SHP0005,34.4581212996977,134.320355057716,529
SHP0005,34.4581655321958,134.320242404938,530
SHP0005,34.4582252460683,134.320089519024,531
SHP0005,34.4583314040637,134.319840073586,532
SHP0005,34.4583336156886,134.319832026958,533
SHP0005,34.4583889063112,134.319687187672,534
SHP0005,34.4584088109354,134.319569170475,535
SHP0005,34.4583490970629,134.319115877151,536
SHP0005,34.4583336156886,134.319024682045,537
SHP0005,34.4583159226894,134.318912029266,538
SHP0005,34.4583048645649,134.31884765625,539
SHP0005,34.4582761134411,134.318689405918,540
SHP0005,34.4582363041928,134.318584799767,541
SHP0005,34.4581987065694,134.318525791168,542
SHP0005,34.4577519583386,134.317951798439,543
SHP0005,34.4577033025907,134.317876696587,544
SHP0005,34.457628107344,134.317713081837,545
SHP0005,34.4575816632209,134.31756824255,546
SHP0005,34.4575551237221,134.317356348038,547
SHP0005,34.4575396423478,134.316787719727,548
SHP0005,34.4575418539727,134.316699206829,549
SHP0005,34.4575418539727,134.316664338112,550
SHP0005,34.4575529120972,134.316433668137,551
SHP0005,34.4575860864708,134.316377341747,552
SHP0005,34.4576413770934,134.316310286522,553
SHP0005,34.4577099374654,134.316267371178,554
SHP0005,34.4577740745877,134.316240549088,555
SHP0005,34.4578780209582,134.316240549088,556
SHP0005,34.4579465813303,134.316270053387,557
SHP0005,34.4580173533272,134.316345155239,558
SHP0005,34.4582163995687,134.316664338112,559
SHP0005,34.458324769189,134.316814541817,560
SHP0005,34.4583336156886,134.316825270653,561
SHP0005,34.4584287155595,134.316919147968,562
SHP0005,34.4584950643067,134.316986203194,563
SHP0005,34.4587029570477,134.317152500153,564
SHP0005,34.4589152730386,134.317316114902,565
SHP0005,34.4589329660378,134.317329525948,566
SHP0005,34.4589860450356,134.317364394665,567
SHP0005,34.4591076844053,134.317396581173,568
SHP0005,34.4592005726513,134.3174046278,569
SHP0005,34.4592868260226,134.317396581173,570
SHP0005,34.4593664445192,134.317391216755,571
SHP0005,34.4594770257645,134.317369759083,572
SHP0005,34.4592425935245,134.316964745522,573
SHP0005,34.4591076844053,134.316782355309,574
SHP0005,34.4590192194091,134.316664338112,575
SHP0005,34.4588798870401,134.316492676735,576
SHP0005,34.4588334429171,134.316390752792,577
SHP0005,34.4587272849217,134.316111803055,578
SHP0005,34.458696322173,134.315972328186,579
SHP0005,34.4586719942991,134.315779209137,580
SHP0005,34.4586653594244,134.31533396244,581
SHP0005,34.4586719942991,134.315237402916,582
SHP0005,34.4587317081715,134.315033555031,583
SHP0005,34.4588157499179,134.314869940281,584
SHP0005,34.458882098665,134.314784109592,585
SHP0005,34.4590192194091,134.314620494843,586
SHP0005,34.459162975028,134.314497113228,587
SHP0005,34.4594748141396,134.314231574535,588
SHP0005,34.4596804952557,134.314014315605,589
SHP0005,34.459766748627,134.31389093399,590
SHP0005,34.4598043462504,134.31383728981,591
SHP0005,34.4599149274956,134.313614666462,592
SHP0005,34.4599458902443,134.313274025917,593
SHP0005,34.4599547367439,134.313094317913,594
SHP0005,34.4599680064933,134.312852919102,595
SHP0005,34.4599945459922,134.312600791454,596
SHP0005,34.4600476249899,134.31239426136,597
SHP0005,34.460069741239,134.312348663807,598
SHP0005,34.4601559946103,134.312182366848,599
SHP0005,34.4603882152253,134.311820268631,600
SHP0005,34.4604611988471,134.311699569225,601
SHP0005,34.4605762033422,134.311517179012,602
SHP0005,34.4610583375715,134.310830533504,603
SHP0005,34.4612772884371,134.310505986214,604
SHP0005,34.4614232398442,134.310291409492,605
SHP0005,34.4615139066274,134.310210943222,606
SHP0005,34.4619937771628,134.309894442558,607
SHP0005,34.4621751107293,134.309717416763,608
SHP0005,34.4622989482868,134.309607446194,609
SHP0005,34.4625598917116,134.309312403202,610
SHP0005,34.4626638268046,134.309159517288,611
SHP0005,34.4627611277426,134.308931529522,612
SHP0005,34.4628053554418,134.308698177338,613
SHP0005,34.4628274692913,134.308497011662,614
SHP0005,34.4628473717559,134.308330714703,615
SHP0005,34.4628584286807,134.308223426342,616
SHP0005,34.462891599455,134.307904243469,617
SHP0005,34.4628871766851,134.307861328125,618
SHP0005,34.4628606400657,134.307772815228,619
SHP0005,34.4627987212869,134.307646751404,620
SHP0005,34.4627699732825,134.307558238506,621
SHP0005,34.4627124772736,134.307450950146,622
SHP0005,34.4626063307957,134.307362437248,623
SHP0005,34.462489127393,134.307236373425,624
SHP0005,34.4623100052116,134.306992292404,625
SHP0005,34.4620689642514,134.306726753712,626
SHP0005,34.4620092568575,134.306635558605,627
SHP0005,34.4619384925389,134.306530952454,628
SHP0005,34.4618942648398,134.306479990482,629
SHP0005,34.4618013866717,134.306391477585,630
SHP0005,34.4617062971185,134.306324422359,631
SHP0005,34.4615028497026,134.306158125401,632
SHP0005,34.4614586220035,134.306107163429,633
SHP0005,34.4614166056893,134.305916726589,634
SHP0005,34.4613745893751,134.305771887302,635
SHP0005,34.4613369958309,134.305707514286,636
SHP0005,34.4612772884371,134.305627048016,637
SHP0005,34.4611888234409,134.305514395237,638
SHP0005,34.4610649724462,134.305407106876,639
SHP0005,34.4608814075791,134.305224716663,640
SHP0005,34.4606071660909,134.305028915405,641
SHP0005,34.4604236012238,134.304918944836,642
SHP0005,34.460324078103,134.30482506752,643
SHP0005,34.460231189857,134.304682910442,644
SHP0005,34.4599856994926,134.304229617119,645
SHP0005,34.45981319275,134.30400967598,646
SHP0005,34.4596827068806,134.303862154484,647
SHP0005,34.4595831837599,134.303685128689,648
SHP0005,34.4593222120211,134.303239881992,649
SHP0005,34.4591939377766,134.302993118763,650
SHP0005,34.4591231657797,134.302821457386,651
SHP0005,34.4591275890295,134.302628338337,652
SHP0005,34.4591740331525,134.302258193493,653
SHP0005,34.459302307397,134.301692247391,654
SHP0005,34.4594062537675,134.301214814186,655
SHP0005,34.4594969303886,134.300884902477,656
SHP0005,34.4595920302595,134.300699830055,657
SHP0005,34.4596937650051,134.300552308559,658
SHP0005,34.459883964747,134.300372600555,659
SHP0005,34.4602533061061,134.299999773502,660
SHP0005,34.4602864804797,134.299964904785,661
SHP0005,34.4606469753392,134.299396276474,662
SHP0005,34.4608194820817,134.298993945122,663
SHP0005,34.4608814075791,134.298865199089,664
SHP0005,34.4609234284523,134.298803508282,665
SHP0005,34.4609942004492,134.29869890213,666
SHP0005,34.4611755536914,134.298578202724,667
SHP0005,34.4612772884371,134.298495054245,668
SHP0005,34.4613768007601,134.298414587975,669
SHP0005,34.4614541992335,134.298339486122,670
SHP0005,34.4615161180123,134.29823756218,671
SHP0005,34.4615913051008,134.298055171967,672
SHP0005,34.4616377441849,134.297784268856,673
SHP0005,34.4616797604991,134.29730951786,674
SHP0005,34.4617704272823,134.297186136246,675
SHP0005,34.4619805088531,134.297025203705,676
SHP0005,34.4620335820921,134.296982288361,677
SHP0005,34.4621043464107,134.29690182209,678
SHP0005,34.4621198261054,134.296875,679
SHP0005,34.462137517185,134.296837449074,680
SHP0005,34.4621618424195,134.296751618385,681
SHP0005,34.4621662651894,134.296641647816,682
SHP0005,34.4621463627248,134.296550452709,683
SHP0005,34.4621131919505,134.296483397484,684
SHP0005,34.462086655331,134.296453893185,685
SHP0005,34.4619937771628,134.296389520168,686
SHP0005,34.4618190777513,134.296346604824,687
SHP0005,34.461480735853,134.296209812164,688
SHP0005,34.46138122353,134.296161532402,689
SHP0005,34.4612772884371,134.296156167984,690
SHP0005,34.4612065164401,134.296156167984,691
SHP0005,34.4610295864477,134.296182990074,692
SHP0005,34.4608415983308,134.296233952045,693
SHP0005,34.460673514838,134.296298325062,694
SHP0005,34.4606027428411,134.296319782734,695
SHP0005,34.4604987964705,134.296306371689,696
SHP0005,34.4603926384751,134.296180307865,697
SHP0005,34.4603594641015,134.296073019505,698
SHP0005,34.4603439827272,134.295933544636,699
SHP0005,34.4603904268502,134.2952683568,700
SHP0005,34.4604501407226,134.294672906399,701
SHP0005,34.460487738346,134.294549524784,702
SHP0005,34.4605363940939,134.294428825378,703
SHP0005,34.4606580334637,134.294176697731,704
SHP0005,34.4606624567135,134.294074773788,705
SHP0005,34.4606491869641,134.293991625309,706
SHP0005,34.460604954466,134.29385215044,707
SHP0005,34.4605408173437,134.293551743031,708
SHP0005,34.4605297592192,134.293396174908,709
SHP0005,34.4605496638433,134.293302297592,710
SHP0005,34.4605938963414,134.293192327023,711
SHP0005,34.4606381288395,134.293044805527,712
SHP0005,34.4607420752101,134.292849004269,713
SHP0005,34.4608349634561,134.292698800564,714
SHP0005,34.4608946773285,134.292564690113,715
SHP0005,34.4609079470779,134.292347431183,716
SHP0005,34.4609278517021,134.292216002941,717
SHP0005,34.4609897771994,134.292114078999,718
SHP0005,34.461115839819,134.291958510876,719
SHP0005,34.4611445909428,134.291899502277,720
SHP0005,34.4611689188167,134.291666150093,721
SHP0005,34.4611711304416,134.29159373045,722
SHP0005,34.4611268979435,134.290963411331,723
SHP0005,34.4611644955669,134.290751516819,724
SHP0005,34.4612065164401,134.290654957294,725
SHP0005,34.4612772884371,134.290555715561,726
SHP0005,34.4613657438353,134.290494024754,727
SHP0005,34.4614409309238,134.290453791618,728
SHP0005,34.4615559229415,134.290432333946,729
SHP0005,34.4618677282203,134.290445744991,730
SHP0005,34.4619141673044,134.290429651737,731
SHP0005,34.4619583950035,134.290400147438,732
SHP0005,34.4619805088531,134.290370643139,733
SHP0005,34.4619959885478,134.290298223495,734
SHP0005,34.4619782974682,134.290115833282,735
SHP0005,34.4619782974682,134.290051460266,736
SHP0005,34.4620800211761,134.289785921574,737
SHP0005,34.4621176147204,134.289667904377,738
SHP0005,34.4621131919505,134.289598166943,739
SHP0005,34.4620932894859,134.289504289627,740
SHP0005,34.4620048340876,134.289244115353,741
SHP0005,34.4619738746982,134.289217293262,742
SHP0005,34.4616930288088,134.289037585258,743
SHP0005,34.461584670946,134.288914203644,744
SHP0005,34.4614276626141,134.28876131773,745
SHP0005,34.4612772884371,134.288635253906,746
SHP0005,34.4611423793179,134.288549423218,747
SHP0005,34.4610893003201,134.288474321365,748
SHP0005,34.4610074701987,134.288334846497,749
SHP0005,34.460998623699,134.288289248943,750
SHP0005,34.4609167935776,134.287838637829,751
SHP0005,34.4608305402063,134.28758919239,752
SHP0005,34.460812847207,134.287425577641,753
SHP0005,34.460812847207,134.287288784981,754
SHP0005,34.4608769843293,134.287090301514,755
SHP0005,34.4609919888243,134.286875724792,756
SHP0005,34.4610141050734,134.286811351776,757
SHP0005,34.4610273748228,134.286725521088,758
SHP0005,34.4610273748228,134.286647737026,759
SHP0005,34.4610163166983,134.286575317383,760
SHP0005,34.4609477563262,134.286457300186,761
SHP0005,34.4608482332055,134.286379516125,762
SHP0005,34.4607641914591,134.2862829566,763
SHP0005,34.4607000543369,134.286159574986,764
SHP0005,34.4606536102139,134.285888671875,765
SHP0005,34.4606381288395,134.285824298859,766
SHP0005,34.4605562987181,134.285609722137,767
SHP0005,34.4605562987181,134.285502433777,768
SHP0005,34.4605651452177,134.285368323326,769
SHP0005,34.4605209127196,134.284603893757,770
SHP0005,34.4604943732207,134.284303486347,771
SHP0005,34.4604567755973,134.28418815136,772
SHP0005,34.4604014849747,134.28407818079,773
SHP0005,34.4603174432283,134.283970892429,774
SHP0005,34.4602201317325,134.283895790577,775
SHP0005,34.4600807993635,134.283866286278,776
SHP0005,34.4599127158707,134.283809959888,777
SHP0005,34.4597070347546,134.283721446991,778
SHP0005,34.4596053000089,134.283632934093,779
SHP0005,34.459510200138,134.283522963524,780
SHP0005,34.4593553863947,134.283399581909,781
SHP0005,34.4593067306468,134.283332526684,782
SHP0005,34.4592868260226,134.283303022385,783
SHP0005,34.4592049959012,134.283222556114,784
SHP0005,34.4591054727804,134.283171594143,785
SHP0005,34.4589396009126,134.28312599659,786
SHP0005,34.4588046917934,134.28312599659,787
SHP0005,34.4587140151723,134.283147454262,788
SHP0005,34.4585702595534,134.28320646286,789
SHP0005,34.4583336156886,134.283308386803,790
SHP0005,34.4582716901913,134.283332526684,791
SHP0005,34.4580682207,134.283372759819,792
SHP0005,34.4578957139574,134.283372759819,793
SHP0005,34.4576126259696,134.283345937729,794
SHP0005,34.4575529120972,134.283332526684,795
SHP0005,34.4574489657267,134.283305704594,796
SHP0005,34.4572631892346,134.283332526684,797
SHP0005,34.4570353918694,134.283399581909,798
SHP0005,34.456719129508,134.283547103405,799
SHP0005,34.4564625810191,134.283694624901,800
SHP0005,34.4563166137753,134.283748269081,801
SHP0005,34.4560467955369,134.283812642097,802
SHP0005,34.4557924586729,134.283839464188,803
SHP0005,34.4555624496828,134.283855557442,804
SHP0005,34.4553036895689,134.283855557442,805
SHP0005,34.4551643571999,134.283828735352,806
SHP0005,34.4549188668354,134.283863604069,807
SHP0005,34.4543128816115,134.284021854401,808
SHP0005,34.4534835222722,134.284287393093,809
SHP0005,34.4528620556739,134.284464418888,810
SHP0005,34.4527713790528,134.284491240978,811
SHP0005,34.4526917605562,134.284501969814,812
SHP0005,34.452625411809,134.284547567368,813
SHP0005,34.4525502165623,134.284684360027,814
SHP0005,34.4524993491895,134.284853339195,815
SHP0005,34.4524551166914,134.285110831261,816
SHP0005,34.4524086725684,134.285328090191,817
SHP0005,34.4523401121963,134.285550713539,818
SHP0005,34.4522450123254,134.285735785961,819
SHP0005,34.4522184728265,134.285770654678,820
SHP0005,34.4521720236652,134.285832345486,821
SHP0005,34.4521145151798,134.285888671875,822
SHP0005,34.4520901846667,134.285910129547,823
SHP0005,34.4519884388848,134.285969138145,824
SHP0005,34.4518734219139,134.286014735699,825
SHP0005,34.4516522642206,134.286108613014,826
SHP0005,34.4513160760445,134.286376833916,827
SHP0005,34.4512629935773,134.286451935768,828
SHP0005,34.4512629472224,134.286457300186,829
SHP0005,34.4511943794128,134.286481440067,830
SHP0005,34.4510483963344,134.286494851112,831
SHP0005,34.4508714471485,134.286518990993,832
SHP0005,34.4508028793389,134.286476075649,833
SHP0005,34.4506900742329,134.286569952965,834
SHP0005,34.4505662098027,134.286792576313,835
SHP0005,34.4503383877258,134.287071526051,836
SHP0005,34.4500729639469,134.287240505219,837
SHP0005,34.4499999724077,134.287251234055,838
SHP0005,34.4497234893046,134.287294149399,839
SHP0005,34.449579718091,134.287294149399,840
SHP0005,34.4494647011202,134.287267327309,841
SHP0005,34.4488785569417,134.287087619305,842
SHP0005,34.4483543449783,134.2869374156,843
SHP0005,34.4482393280074,134.286886453629,844
SHP0005,34.4480159296602,134.286915957928,845
SHP0005,34.4478345567446,134.286918640137,846
SHP0005,34.4476133702621,134.286835491657,847
SHP0005,34.4472108108641,134.286588728428,848
SHP0005,34.4469608701389,134.286414384842,849
SHP0005,34.4468569124922,134.28633660078,850
SHP0005,34.4466622683876,134.286132752895,851
SHP0005,34.4464366581755,134.285888671875,852
SHP0005,34.4459765902921,134.285395145416,853
SHP0006,34.4293369280681,134.234647750854,1
SHP0006,34.4293037428995,134.234787225723,2
SHP0006,34.4292285231839,134.235025942326,3
SHP0006,34.4292086120828,134.23512250185,4
SHP0006,34.4291953380153,134.235251247883,5
SHP0006,34.4292152491165,134.235487282276,6
SHP0006,34.4292572836634,134.235736727715,7
SHP0006,34.4292904688321,134.235935211182,8
SHP0006,34.4293369280681,134.236098825932,9
SHP0006,34.4294541823307,134.236359000206,10
SHP0006,34.4296599303762,134.236772060394,11
SHP0006,34.4297749722941,134.237010776997,12
SHP0006,34.4299055006241,134.237206578255,13
SHP0006,34.4299386857927,134.237244129181,14
SHP0006,34.4300913375684,134.237501621246,15
SHP0006,34.4301621325948,134.237643778324,16
SHP0006,34.4302152288646,134.237753748894,17
SHP0006,34.430255051067,134.237799346447,18
SHP0006,34.4304804712026,134.237906180161,19
SHP0006,34.4304984089703,134.237914681435,20
SHP0006,34.4305758410304,134.237960278988,21
SHP0006,34.4306289373003,134.238005876541,22
SHP0006,34.4307130063941,134.23809170723,23
SHP0006,34.4307218557724,134.238201677799,24
SHP0006,34.4305227447606,134.23868983984,25
SHP0006,34.430359031262,134.239414036274,26
SHP0006,34.4302727498236,134.239684939384,27
SHP0006,34.4301112486696,134.240124821663,28
SHP0006,34.4300249672311,134.240347445011,29
SHP0006,34.4297926710507,134.240964353085,30
SHP0006,34.4297329377472,134.24114137888,31
SHP0006,34.4296156834847,134.241414964199,32
SHP0006,34.4295249773571,134.241594672203,33
SHP0006,34.4294807304656,134.241664409637,34
SHP0006,34.4293059552441,134.241943359375,35
SHP0006,34.4292816194538,134.24198359251,36
SHP0006,34.4292373725622,134.242082834244,37
SHP0006,34.4291887009816,134.242275953293,38
SHP0006,34.4291931256707,134.242557585239,39
SHP0006,34.4292351602177,134.243118166924,40
SHP0006,34.4292417972514,134.243212044239,41
SHP0006,34.4292196738056,134.243402481079,42
SHP0006,34.4291333923672,134.243802130222,43
SHP0006,34.4290802960974,134.243893325329,44
SHP0006,34.4290028640372,134.243973791599,45
SHP0006,34.4288922468085,134.244046211243,46
SHP0006,34.4287108345533,134.244129359722,47
SHP0006,34.4284851754066,134.244199097157,48
SHP0006,34.4283679211441,134.244279563427,49
SHP0006,34.4282838520502,134.244394898415,50
SHP0006,34.4281511113757,134.244649708271,51
SHP0006,34.4280781040047,134.244740903378,52
SHP0006,34.4279630620867,134.244888424873,53
SHP0006,34.4274630722127,134.245357811451,54
SHP0006,34.4273391809164,134.245499968529,55
SHP0006,34.4272882969912,134.245609939098,56
SHP0006,34.4272905093358,134.245754778385,57
SHP0006,34.4273303315381,134.245880842209,58
SHP0006,34.4274033389091,134.245990812778,59
SHP0006,34.4274918326922,134.246087372303,60
SHP0006,34.4275714770969,134.246127605438,61
SHP0006,34.4278347461014,134.246065914631,62
SHP0006,34.4279652744313,134.246028363705,63
SHP0006,34.4280825286938,134.246028363705,64
SHP0006,34.4282108446792,134.246065914631,65
SHP0006,34.4283611037563,134.246115393325,66
SHP0006,34.4285692445004,134.246183931828,67
SHP0006,34.4297218760243,134.246444106102,68
SHP0006,34.4299984190962,134.246564805508,69
SHP0006,34.4301112486696,134.246607720852,70
SHP0006,34.4302506263778,134.246696233749,71
SHP0006,34.43034354485,134.246744513512,72
SHP0006,34.43084425164,134.24694192763,73
SHP0006,34.4308877816156,134.246959090233,74
SHP0006,34.4311576876538,134.247061014175,75
SHP0006,34.4312970653621,134.247125387192,76
SHP0006,34.4313722850776,134.247173666954,77
SHP0006,34.4317705071012,134.247605502605,78
SHP0006,34.4318700626071,134.247694015503,79
SHP0006,34.4319452823227,134.247736930847,80
SHP0006,34.4321222698887,134.247795939445,81
SHP0006,34.4322262500838,134.247814714909,82
SHP0006,34.4323324426234,134.247846901417,83
SHP0006,34.4325603141147,134.247956871986,84
SHP0006,34.4330249064755,134.248238503933,85
SHP0006,34.433257202656,134.248386025429,86
SHP0006,34.4333346347161,134.248447716236,87
SHP0006,34.4333965803642,134.248498678207,88
SHP0006,34.4338987825829,134.248992204666,89
SHP0006,34.4340978935947,134.249220192432,90
SHP0006,34.4342151351445,134.249394536018,91
SHP0006,34.4342416804011,134.249477684498,92
SHP0006,34.4343721945793,134.249998033047,93
SHP0006,34.4345027087574,134.250354766846,94
SHP0006,34.4345646476895,134.250464737415,95
SHP0006,34.4346796771346,134.250539839268,96
SHP0006,34.4348809786636,134.250596165657,97
SHP0006,34.4349384933862,134.250606894493,98
SHP0006,34.4351243101823,134.250609576702,99
SHP0006,34.4354340048423,134.250609576702,100
SHP0006,34.4355247011356,134.250617623329,101
SHP0006,34.4355954884865,134.250660538673,102
SHP0006,34.4357613963401,134.250818789005,103
SHP0006,34.4358299715862,134.250907301903,104
SHP0006,34.4358852742041,134.251033365726,105
SHP0006,34.4359649099738,134.251247942448,106
SHP0006,34.4360467578483,134.251424968243,107
SHP0006,34.436157363084,134.251500070095,108
SHP0006,34.4362635441103,134.25154030323,109
SHP0006,34.4365798750845,134.251601994038,110
SHP0006,34.4367236618909,134.251618087292,111
SHP0006,34.4368674486974,134.251631498337,112
SHP0006,34.4370222960274,134.251639544964,113
SHP0006,34.4377014121748,134.251639544964,114
SHP0006,34.4378540474001,134.251585900784,115
SHP0006,34.4381770146884,134.251419603825,116
SHP0006,34.4383650435892,134.251306951046,117
SHP0006,34.4386083751078,134.251280128956,118
SHP0006,34.4389446150244,134.251266717911,119
SHP0006,34.439048583946,134.251266717911,120
SHP0006,34.4392211281137,134.251234531403,121
SHP0006,34.4396244645944,134.251095164445,122
SHP0006,34.4396480643237,134.251087009907,123
SHP0006,34.4397210637792,134.251049458981,124
SHP0006,34.440017485811,134.250789284706,125
SHP0006,34.4402939989003,134.250569343567,126
SHP0006,34.4404753914869,134.250445961952,127
SHP0006,34.4408647219167,134.250150918961,128
SHP0006,34.4409731150477,134.250075817108,129
SHP0006,34.441048326608,134.250059723854,130
SHP0006,34.4411832649956,134.250046312809,131
SHP0006,34.4413049307549,134.250054359436,132
SHP0006,34.4416677159281,134.250126779079,133
SHP0006,34.441784957478,134.250137507915,134
SHP0006,34.4418402600959,134.25015360117,135
SHP0006,34.4420747431956,134.250209927559,136
SHP0006,34.4421831363266,134.25023406744,137
SHP0006,34.4424618615207,134.250298440456,138
SHP0006,34.44264248531,134.250338810772,139
SHP0006,34.4429418882437,134.250405728817,140
SHP0006,34.4431586745058,134.250480830669,141
SHP0006,34.4432935982601,134.250531792641,142
SHP0006,34.4433356236917,134.250539839268,143
SHP0006,34.4434616999867,134.250563979149,144
SHP0006,34.4436519203616,134.250545203686,145
SHP0006,34.4439107085461,134.250472784042,146
SHP0006,34.4440235136521,134.250416457653,147
SHP0006,34.4440633272189,134.250405728817,148
SHP0006,34.4441805560546,134.250405728817,149
SHP0006,34.4444946408597,134.250515699387,150
SHP0006,34.4448109375296,134.250606894493,151
SHP0006,34.4449126833115,134.250631034374,152
SHP0006,34.445171471496,134.250695407391,153
SHP0006,34.4453904461136,134.25075173378,154
SHP0006,34.445536429192,134.250813424587,155
SHP0006,34.4455895139478,134.250853657722,156
SHP0006,34.445624903785,134.250936806202,157
SHP0006,34.4456160563257,134.251164793968,158
SHP0006,34.4456293275146,134.251250624657,159
SHP0006,34.4456403868388,134.251290857792,160
SHP0006,34.4456602936222,134.251325726509,161
SHP0006,34.445700107189,134.251347184181,162
SHP0006,34.4457598275393,134.251355230808,163
SHP0006,34.4458151241599,134.251293540001,164
SHP0006,34.4458350309433,134.251223802567,165
SHP0006,34.4458328190785,134.251146018505,166
SHP0006,34.4459102343473,134.250714182854,167
SHP0006,34.4458991750232,134.250617623329,168
SHP0006,34.4458704207805,134.250526428223,169
SHP0006,34.4458438784026,134.250491559505,170
SHP0006,34.4456602936222,134.250362813473,171
SHP0006,34.4456138444609,134.250319898129,172
SHP0006,34.4455917258126,134.250274300575,173
SHP0006,34.445574030894,134.250215291977,174
SHP0006,34.4455607597051,134.250062406063,175
SHP0006,34.4455408529217,134.249998033047,176
SHP0006,34.4455342173272,134.249976575375,177
SHP0006,34.4454944037603,134.249885380268,178
SHP0006,34.4453992935729,134.24974322319,179
SHP0006,34.4453948698432,134.24968957901,180
SHP0006,34.4454037173025,134.24963593483,181
SHP0006,34.4454391071397,134.249590337276,182
SHP0006,34.4455076749493,134.249560832977,183
SHP0006,34.4455585478402,134.249571561813,184
SHP0006,34.445611632596,134.249619841576,185
SHP0006,34.4456934715945,134.249869287014,186
SHP0006,34.4457155902428,134.249917566776,187
SHP0006,34.4457664631337,134.249981939793,188
SHP0006,34.4457907936468,134.249998033047,189
SHP0006,34.4458217597544,134.250022172928,190
SHP0006,34.4458991750232,134.2500436306,191
SHP0006,34.4461269971001,134.250014126301,192
SHP0006,34.4462597089896,134.250038266182,193
SHP0006,34.4463127937454,134.25007045269,194
SHP0006,34.4464366581755,134.25020724535,195
SHP0006,34.4464764717424,134.250293076038,196
SHP0006,34.4465030141203,134.2503708601,197
SHP0006,34.4465207090389,134.250456690788,198
SHP0006,34.4465273446333,134.250628352165,199
SHP0006,34.4465450395519,134.250735640526,200
SHP0006,34.4465959124429,134.250837564468,201
SHP0006,34.4466512090635,134.250883162022,202
SHP0006,34.4467396836565,134.25091534853,203
SHP0006,34.4468436413032,134.250928759575,204
SHP0006,34.4469542345444,134.250926077366,205
SHP0006,34.4470382854078,134.250939488411,206
SHP0006,34.4471356074601,134.250977039337,207
SHP0006,34.447237353242,134.251028001308,208
SHP0006,34.4472727430792,134.25105214119,209
SHP0006,34.4473966075093,134.251285493374,210
SHP0006,34.4474297854817,134.251331090927,211
SHP0006,34.4474695990485,134.251382052898,212
SHP0006,34.4475669211008,134.251454472542,213
SHP0006,34.4476974211255,134.251526892185,214
SHP0006,34.447854463528,134.251564443111,215
SHP0006,34.4479252432024,134.251564443111,216
SHP0006,34.4480070822009,134.251551032066,217
SHP0006,34.4481265229014,134.251508116722,218
SHP0006,34.4482902008984,134.251465201378,219
SHP0006,34.4483189551411,134.25143301487,220
SHP0006,34.4495067265518,134.251087009907,221
SHP0006,34.4497367604936,134.250934123993,222
SHP0006,34.4499999724077,134.250671267509,223
SHP0006,34.4501791334584,134.250502288342,224
SHP0006,34.4502366419439,134.250459372997,225
SHP0006,34.4503383877258,134.250437915325,226
SHP0006,34.4503936843464,134.250445961952,227
SHP0006,34.4506657437198,134.250539839268,228
SHP0006,34.4507785488259,134.250547885895,229
SHP0006,34.450864811554,134.250521063805,230
SHP0006,34.4509178963098,134.250488877296,231
SHP0006,34.4511855319535,134.250220656395,232
SHP0006,34.4513580574098,134.25007045269,233
SHP0006,34.4514752862455,134.249998033047,234
SHP0006,34.4518955405622,134.249729812145,235
SHP0006,34.4522184728265,134.249536693096,236
SHP0006,34.4522936680733,134.249507188797,237
SHP0006,34.4523666516952,134.249501824379,238
SHP0006,34.4524705980657,134.249531328678,239
SHP0006,34.4525303119381,134.24957960844,240
SHP0006,34.4526895489313,134.249735176563,241
SHP0006,34.4527293581796,134.249740540981,242
SHP0006,34.4527603209282,134.249727129936,243
SHP0006,34.4528089766762,134.249694943428,244
SHP0006,34.452835516175,134.249641299248,245
SHP0006,34.4528443626746,134.249595701694,246
SHP0006,34.4528310929252,134.24952596426,247
SHP0006,34.4525524281872,134.248782992363,248
SHP0006,34.4524927143148,134.248571097851,249
SHP0006,34.4524661748159,134.248404800892,250
SHP0006,34.4524595399412,134.248270690441,251
SHP0006,34.4524728096906,134.248080253601,252
SHP0006,34.4525303119381,134.247597455978,253
SHP0006,34.4525391584378,134.247500896454,254
SHP0006,34.4525347351879,134.247449934483,255
SHP0006,34.4525148305638,134.247337281704,256
SHP0006,34.4524772329404,134.247240722179,257
SHP0006,34.4524219423178,134.2471575737,258
SHP0006,34.4523644400703,134.247095882893,259
SHP0006,34.4523157843224,134.247028827667,260
SHP0006,34.4522273193262,134.246755242348,261
SHP0006,34.4522184728265,134.246725738049,262
SHP0006,34.4520503710999,134.246229529381,263
SHP0006,34.4519419897235,134.24598544836,264
SHP0006,34.4517827354561,134.24560457468,265
SHP0006,34.4517738879968,134.245572388172,266
SHP0006,34.4517053201873,134.245384633541,267
SHP0006,34.4516610828908,134.245178103447,268
SHP0006,34.4516323286481,134.244982302189,269
SHP0006,34.451621269324,134.244767725468,270
SHP0006,34.4516102099998,134.244432449341,271
SHP0006,34.4516067198662,134.244326641927,272
SHP0006,34.4516018230192,134.244178188381,273
SHP0006,34.4515814557571,134.243560731411,274
SHP0006,34.4515814557571,134.24312889576,275
SHP0006,34.4516057862702,134.242949187756,276
SHP0006,34.4516389642425,134.242780208588,277
SHP0006,34.4517738879968,134.242351055145,278
SHP0006,34.4518114896989,134.242182075977,279
SHP0006,34.4518380320767,134.24198359251,280
SHP0006,34.4518446676712,134.241943359375,281
SHP0006,34.4518778456436,134.241664409637,282
SHP0006,34.4519110236159,134.241423010826,283
SHP0006,34.4520083456682,134.240682721138,284
SHP0006,34.452031764448,134.240532375135,285
SHP0006,34.4520459473702,134.240441322327,286
SHP0006,34.4520570066944,134.240363538265,287
SHP0006,34.4520968202612,134.240197241306,288
SHP0006,34.4521432694225,134.240097999573,289
SHP0006,34.4522184728265,134.239977300167,290
SHP0006,34.4522715518243,134.239920973778,291
SHP0006,34.4523600168205,134.239864647388,292
SHP0006,34.4524108841933,134.239821732044,293
SHP0006,34.452674067557,134.239652752876,294
SHP0006,34.453673722014,134.239014387131,295
SHP0006,34.4540541214976,134.238534271717,296
SHP0006,34.4541890306168,134.238397479057,297
SHP0006,34.4544588488552,134.238209724426,298
SHP0006,34.4545384673518,134.238169491291,299
SHP0006,34.4546424137223,134.238134622574,300
SHP0006,34.4551953199486,134.238032698631,301
SHP0006,34.4553302290678,134.238019287586,302
SHP0006,34.4554518684375,134.238038063049,303
SHP0006,34.4557150518012,134.23825532198,304
SHP0006,34.4557637075491,134.238303601742,305
SHP0006,34.4557858237982,134.238341152668,306
SHP0006,34.4557968819227,134.238413572311,307
SHP0006,34.4558035167974,134.238722026348,308
SHP0006,34.4558455376706,134.238971471786,309
SHP0006,34.4560335257875,134.239408671856,310
SHP0006,34.4561441070328,134.239601790905,311
SHP0006,34.456254688278,134.239749312401,312
SHP0006,34.4564470996447,134.239950478077,313
SHP0006,34.4568562502521,134.24032330513,314
SHP0006,34.4570752011177,134.240551292896,315
SHP0006,34.4572211683614,134.240717589855,316
SHP0006,34.457325114732,134.240870475769,317
SHP0006,34.4574666587259,134.241101145744,318
SHP0006,34.4576303189689,134.24141228199,319
SHP0006,34.4577254188398,134.241664409637,320
SHP0006,34.4577563815884,134.241779744625,321
SHP0006,34.4577917675869,134.241868257523,322
SHP0006,34.4578448465846,134.241943359375,323
SHP0006,34.4580350463265,134.242098927498,324
SHP0006,34.4580837020744,134.242168664932,325
SHP0006,34.4581212996977,134.242251813412,326
SHP0006,34.4581544740713,134.242356419563,327
SHP0006,34.4582716901913,134.242764115334,328
SHP0006,34.4583336156886,134.242906272411,329
SHP0006,34.4583667900622,134.242943823338,330
SHP0006,34.4584331388093,134.242981374264,331
SHP0006,34.4584862178071,134.243000149727,332
SHP0006,34.4585680479285,134.243002831936,333
SHP0006,34.4588511359164,134.242978692055,334
SHP0006,34.4590988379057,134.242970645428,335
SHP0006,34.4594018305177,134.2429921031,336
SHP0006,34.4597689602519,134.24296528101,337
SHP0006,34.4601582062352,134.242927730083,338
SHP0006,34.4606160125905,134.242887496948,339
SHP0006,34.4608150588319,134.242847263813,340
SHP0006,34.4608600403241,134.242831860742,341
SHP0006,34.4610030469488,134.242782890797,342
SHP0006,34.4612772884371,134.242662191391,343
SHP0006,34.4619119559195,134.242385923862,344
SHP0006,34.4620623300965,134.242321550846,345
SHP0006,34.4622038587337,134.242235720158,346
SHP0006,34.4624847046231,134.241986274719,347
SHP0006,34.4625355664771,134.241943359375,348
SHP0006,34.4627743960524,134.241779744625,349
SHP0006,34.4629667865436,134.241664409637,350
SHP0006,34.4630287053223,134.24162954092,351
SHP0006,34.4631326404153,134.24154907465,352
SHP0006,34.4633537789109,134.24135863781,353
SHP0006,34.4635085758578,134.241224527359,354
SHP0006,34.463650104495,134.241066277027,355
SHP0006,34.4638248039065,134.240816831589,356
SHP0006,34.4639154706898,134.240653216839,357
SHP0006,34.4639773894685,134.240519106388,358
SHP0006,34.4640282513225,134.240395724773,359
SHP0006,34.4640372009756,134.240124821663,360
SHP0006,34.4639797037284,134.240012168884,361
SHP0006,34.4638824006044,134.239845871925,362
SHP0006,34.463785097367,134.239743947983,363
SHP0006,34.4636701024856,134.239572286606,364
SHP0006,34.4636479880672,134.239309430122,365
SHP0006,34.4638381718742,134.238923192024,366
SHP0006,34.4640018180589,134.238708615303,367
SHP0006,34.4642848809726,134.238676428795,368
SHP0006,34.4644506258491,134.238732755184,369
SHP0006,34.4646983009642,134.238915145397,370
SHP0006,34.464813292982,134.238958060741,371
SHP0006,34.4648752117607,134.238963425159,372
SHP0006,34.4649526102342,134.238950014114,373
SHP0006,34.4650543339422,134.238915145397,374
SHP0006,34.4651494234953,134.238869547844,375
SHP0006,34.4652599927431,134.238850772381,376
SHP0006,34.4653749847608,134.238856136799,377
SHP0006,34.4657089038892,134.238941967487,378
SHP0006,34.466224156584,134.239118993282,379
SHP0006,34.4665094252433,134.239218235016,380
SHP0006,34.4666686449602,134.239274561405,381
SHP0006,34.4668322874469,134.239333570004,382
SHP0006,34.4669229542301,134.239365756512,383
SHP0006,34.4670246779381,134.239387214184,384
SHP0006,34.467179474885,134.239379167557,385
SHP0006,34.4672900441329,134.239333570004,386
SHP0006,34.4673143693674,134.23931479454,387
SHP0006,34.4675045484736,134.239156544209,388
SHP0006,34.4676018494117,134.23907071352,389
SHP0006,34.4677632805135,134.238931238651,390
SHP0006,34.4678716383763,134.238858819008,391
SHP0006,34.4679799962392,134.238802492619,392
SHP0006,34.4681768095003,134.238727390766,393
SHP0006,34.4685682246375,134.238609373569,394
SHP0006,34.4687465590256,134.238561082576,395
SHP0006,34.4687960419342,134.238547683148,396
SHP0006,34.4690436724031,134.238480627537,397
SHP0006,34.4692250059695,134.238408207893,398
SHP0006,34.4694925835492,134.238249957561,399
SHP0006,34.4698486165271,134.238005876541,400
SHP0006,34.4701648445759,134.237751066685,401
SHP0006,34.4703351212175,134.237590134144,402
SHP0006,34.4704235670166,134.237504303455,403
SHP0006,34.4706269923546,134.237262904644,404
SHP0006,34.4707508164734,134.237101972103,405
SHP0006,34.47105066429,134.236677295522,406
SHP0006,34.471085712347,134.236627656711,407
SHP0006,34.4711598782944,134.236522614956,408
SHP0006,34.4712107346288,134.236431419849,409
SHP0006,34.471400893097,134.236190021038,410
SHP0006,34.4714937611861,134.236012995243,411
SHP0006,34.4715711512603,134.235817193985,412
SHP0006,34.471599896145,134.235675036907,413
SHP0006,34.4716065295799,134.235535562038,414
SHP0006,34.471599896145,134.235127866268,415
SHP0006,34.4715755735502,134.234897196293,416
SHP0006,34.4715401952306,134.234722852707,417
SHP0006,34.4714230045468,134.234374165535,418
SHP0006,34.4713721482123,134.234264194965,419
SHP0006,34.4712549575284,134.234046936035,420
SHP0006,34.4711576671494,134.233907461166,421
SHP0006,34.4710714324952,134.233743846416,422
SHP0006,34.4710537433354,134.233671426773,423
SHP0006,34.4710493210454,134.233596324921,424
SHP0006,34.4710846993651,134.233456850052,425
SHP0006,34.4711156553948,134.233371019363,426
SHP0006,34.4711289222647,134.233330786228,427
SHP0006,34.4713168695878,134.23283457756,428
SHP0006,34.4714495382865,134.232555627823,429
SHP0006,34.4715512509555,134.23242688179,430
SHP0006,34.4716153741599,134.232386648655,431
SHP0006,34.4716861307992,134.232362508774,432
SHP0006,34.4717568874385,134.232359826565,433
SHP0006,34.4719514681965,134.232467114925,434
SHP0006,34.472311884828,134.232687056065,435
SHP0006,34.4725285770358,134.232821166515,436
SHP0006,34.4725639553555,134.232847988605,437
SHP0006,34.4725869463428,134.232860869069,438
SHP0006,34.4731145304551,134.233156442642,439
SHP0006,34.4734307241869,134.233309328556,440
SHP0006,34.4735103254062,134.233330786228,441
SHP0006,34.4735722374655,134.233349561691,442
SHP0006,34.4736098269302,134.233360290527,443
SHP0006,34.4737690293686,134.233373701572,444
SHP0006,34.4739061203572,134.233354926109,445
SHP0006,34.4740100441712,134.233330786228,446
SHP0006,34.4744633288917,134.233234226704,447
SHP0006,34.47464022049,134.233226180077,448
SHP0006,34.4750006371214,134.233263731003,449
SHP0006,34.4752040624594,134.233290553093,450
SHP0006,34.4753743206228,134.233330786228,451
SHP0006,34.4754030655075,134.233338832855,452
SHP0006,34.4756706140498,134.233416616917,453
SHP0006,34.476364913573,134.23354268074,454
SHP0006,34.476468837387,134.233556091785,455
SHP0006,34.476762919669,134.233596324921,456
SHP0006,34.4769840341669,134.233633875847,457
SHP0006,34.4772029375197,134.233682155609,458
SHP0006,34.4772869610289,134.233684837818,459
SHP0006,34.4773223393485,134.233666062355,460
SHP0006,34.4776650668201,134.233416616917,461
SHP0006,34.477782257504,134.233330786228,462
SHP0006,34.4778574364332,134.233277142048,463
SHP0006,34.4780210611616,134.233145713806,464
SHP0006,34.478182474745,134.233016967773,465
SHP0006,34.4784288109837,134.232841109611,466
SHP0006,34.4786446040455,134.232687056065,467
SHP0006,34.4789276306027,134.232467114925,468
SHP0006,34.4790647215913,134.232370555401,469
SHP0006,34.4791133667809,134.232316911221,470
SHP0006,34.4792217128848,134.23218280077,471
SHP0006,34.4793455370036,134.232005774975,472
SHP0006,34.4793919710481,134.231933355331,473
SHP0006,34.4794361891475,134.231866300106,474
SHP0006,34.4795224144414,134.231737554073,475
SHP0006,34.4797855121329,134.231321811676,476
SHP0006,34.4798319411373,134.231249392033,477
SHP0006,34.4799867044853,134.23095703125,478
SHP0006,34.480086195209,134.230637848377,479
SHP0006,34.4801215696885,134.23052251339,480
SHP0006,34.4802122167923,134.230141639709,481
SHP0006,34.4803028638961,134.229886829853,482
SHP0006,34.4804996344386,134.229516685009,483
SHP0006,34.4808213266628,134.228952190012,484
SHP0006,34.4808710664737,134.228864908218,485
SHP0006,34.481001509867,134.228682518005,486
SHP0006,34.4812137567442,134.228843450546,487
SHP0006,34.4813464110425,134.22894269228,488
SHP0006,34.4813907991216,134.228981797924,489
SHP0006,34.48153212706,134.22910630703,490
SHP0006,34.481766482987,134.229334294796,491
SHP0006,34.4821025405425,134.22973126173,492
SHP0006,34.4821732895016,134.229817092419,493
SHP0006,34.4821976094563,134.2298412323,494
SHP0006,34.4822573038905,134.229924380779,495
SHP0006,34.4822860456551,134.230028986931,496
SHP0006,34.4823457400894,134.23095703125,497
SHP0006,34.4823634273291,134.23125743866,498
SHP0006,34.4824010127136,134.231549799442,499
SHP0006,34.4824872380075,134.231906533241,500
SHP0006,34.4828586700426,134.23294454813,501
SHP0006,34.4829979570558,134.233330786228,502
SHP0006,34.4831195568292,134.233663380146,503
SHP0006,34.4833340146114,134.234266877174,504
SHP0006,34.4834290835251,134.234545826912,505
SHP0006,34.4833340146114,134.234594106674,506
SHP0006,34.4830688396351,134.234727225148,507
SHP0006,34.4828985829689,134.234266877174,508
SHP0006,34.4828549656186,134.234161047777,509
SHP0006,34.4828985829689,134.234266877174,510
SHP0006,34.4830688396351,134.234727225148,511
SHP0006,34.4833340146114,134.234594106674,512
SHP0006,34.4834290835251,134.234545826912,513
SHP0006,34.4833340146114,134.234266877174,514
SHP0006,34.4831195568292,134.233663380146,515
SHP0006,34.4829979570558,134.233330786228,516
SHP0006,34.4828586700426,134.23294454813,517
SHP0006,34.4824872380075,134.231906533241,518
SHP0006,34.4824010127136,134.231549799442,519
SHP0006,34.4823634273291,134.23125743866,520
SHP0006,34.4823457400894,134.23095703125,521
SHP0006,34.4822860456551,134.230028986931,522
SHP0006,34.4822573038905,134.229924380779,523
SHP0006,34.4821976094563,134.2298412323,524
SHP0006,34.4821732895016,134.229817092419,525
SHP0006,34.4821025405425,134.22973126173,526
SHP0006,34.481766482987,134.229334294796,527
SHP0006,34.48153212706,134.22910630703,528
SHP0006,34.4813907991216,134.228981797924,529
SHP0006,34.4813464110425,134.22894269228,530
SHP0006,34.4812137567442,134.228843450546,531
SHP0006,34.481001509867,134.228682518005,532
SHP0006,34.4811275314503,134.228323101997,533
SHP0006,34.481151851405,134.228229224682,534
SHP0006,34.4811717495498,134.228100478649,535
SHP0006,34.4812358657939,134.227459430695,536
SHP0006,34.481302192943,134.226842522621,537
SHP0006,34.4812999820381,134.226703047752,538
SHP0006,34.4812756620834,134.226501882076,539
SHP0006,34.4812203894591,134.226343631744,540
SHP0006,34.4811363750702,134.22613710165,541
SHP0006,34.4808180047544,134.22548532486,542
SHP0006,34.4806742959313,134.225190281868,543
SHP0006,34.480616812402,134.225050806999,544
SHP0006,34.4805947033523,134.224999845028,545
SHP0006,34.4805836488275,134.224970340729,546
SHP0006,34.4805681724927,134.224860370159,547
SHP0006,34.4805572432371,134.224755402507,548
SHP0006,34.480541641633,134.224605560303,549
SHP0006,34.480541641633,134.224546551704,550
SHP0006,34.480541641633,134.224337339401,551
SHP0006,34.480541641633,134.223999381065,552
SHP0006,34.480541641633,134.223704338074,553
SHP0006,34.4805173216783,134.22336101532,554
SHP0006,34.4804598381491,134.223138391972,555
SHP0006,34.4802829657514,134.222792387009,556
SHP0006,34.4801481005482,134.222529530525,557
SHP0006,34.4800419771096,134.222261309624,558
SHP0006,34.4800242898698,134.2221352458,559
SHP0006,34.4800154462499,134.221926033497,560
SHP0006,34.4800220789648,134.221759736538,561
SHP0006,34.4800486098245,134.221601486206,562
SHP0006,34.4801878968377,134.22107309103,563
SHP0006,34.4802697003216,134.220804870129,564
SHP0006,34.4803802455701,134.22055542469,565
SHP0006,34.4805314331141,134.22036396354,566
SHP0006,34.4806322887368,134.220236241817,567
SHP0006,34.4807185140307,134.220134317875,568
SHP0006,34.4808600119488,134.219970703125,569
SHP0006,34.4811894367895,134.219581782818,570
SHP0006,34.481304403848,134.219396710396,571
SHP0006,34.4813640982822,134.219251871109,572
SHP0006,34.4814127381916,134.219045341015,573
SHP0006,34.4814370581463,134.218822717667,574
SHP0006,34.481454745386,134.218672513962,575
SHP0006,34.4815144398203,134.217948317528,576
SHP0006,34.4815873996843,134.217269718647,577
SHP0006,34.4816448832135,134.216856658459,578
SHP0006,34.4816802576931,134.216666221619,579
SHP0006,34.4817001558378,134.216550886631,580
SHP0006,34.4817223588288,134.216263890266,581
SHP0006,34.4817416911759,134.216183759659,582
SHP0006,34.4817754219291,134.216043949127,583
SHP0006,34.4819080795324,134.215577244759,584
SHP0006,34.4818727041922,134.215528964996,585
SHP0006,34.4818329069165,134.215362668037,586
SHP0006,34.4817621561572,134.215040802956,587
SHP0006,34.4817400465326,134.214912056923,588
SHP0006,34.4817710000054,134.214761853218,589
SHP0006,34.4820981187326,134.213756024837,590
SHP0006,34.4824120672385,134.21391159296,591
SHP0006,34.4822639366054,134.214464128017,592
SHP0006,34.482067166063,134.215134680271,593
SHP0006,34.4819544099095,134.215547740459,594
SHP0006,34.4819389335747,134.215604066849,595
SHP0006,34.4818074322051,134.216125506158,596
SHP0006,34.4817001558378,134.216550886631,597
SHP0006,34.4816802576931,134.216666221619,598
SHP0006,34.4816448832135,134.216856658459,599
SHP0006,34.4815873996843,134.217269718647,600
SHP0006,34.4815144398203,134.217948317528,601
SHP0006,34.481454745386,134.218672513962,602
SHP0006,34.4814370581463,134.218822717667,603
SHP0006,34.4814127381916,134.219045341015,604
SHP0006,34.4813640982822,134.219251871109,605
SHP0006,34.481304403848,134.219396710396,606
SHP0006,34.4811894367895,134.219581782818,607
SHP0006,34.4808600119488,134.219970703125,608
SHP0006,34.4807185140307,134.220134317875,609
SHP0006,34.4806322887368,134.220236241817,610
SHP0006,34.4805314331141,134.22036396354,611
SHP0006,34.4803802455701,134.22055542469,612
SHP0006,34.4802697003216,134.220804870129,613
SHP0006,34.4801878968377,134.22107309103,614
SHP0006,34.4800486098245,134.221601486206,615
SHP0006,34.4800220789648,134.221759736538,616
SHP0006,34.4800154462499,134.221926033497,617
SHP0006,34.4800242898698,134.2221352458,618
SHP0006,34.4800419771096,134.222261309624,619
SHP0006,34.4801481005482,134.222529530525,620
SHP0006,34.4802829657514,134.222792387009,621
SHP0006,34.4804598381491,134.223138391972,622
SHP0006,34.4805173216783,134.22336101532,623
SHP0006,34.480541641633,134.223704338074,624
SHP0006,34.480541641633,134.223999381065,625
SHP0006,34.480541641633,134.224337339401,626
SHP0006,34.4803581365204,134.224275648594,627
SHP0006,34.480238747652,134.224278330803,628
SHP0006,34.4801259914985,134.224302470684,629
SHP0006,34.480088406114,134.224334657192,630
SHP0006,34.4800419771096,134.224404394627,631
SHP0006,34.4799424863859,134.224621653557,632
SHP0006,34.4797744576081,134.224999845028,633
SHP0006,34.4797412940335,134.225072264671,634
SHP0006,34.4798783951256,134.225463867188,635
SHP0006,34.4799977896929,134.225603342056,636
SHP0006,34.4799226153556,134.225812554359,637
SHP0006,34.4797634224178,134.225753545761,638
SHP0006,34.4798187618195,134.225614115811,639
SHP0007,34.4293369280681,134.234647750854,1
SHP0007,34.4293037428995,134.234787225723,2
SHP0007,34.4292285231839,134.235025942326,3
SHP0007,34.4292086120828,134.23512250185,4
SHP0007,34.4291953380153,134.235251247883,5
SHP0007,34.4292152491165,134.235487282276,6
SHP0007,34.4292572836634,134.235736727715,7
SHP0007,34.4292904688321,134.235935211182,8
SHP0007,34.4293369280681,134.236098825932,9
SHP0007,34.4294541823307,134.236359000206,10
SHP0007,34.4296599303762,134.236772060394,11
SHP0007,34.4297749722941,134.237010776997,12
SHP0007,34.4299055006241,134.237206578255,13
SHP0007,34.4299386857927,134.237244129181,14
SHP0007,34.4300913375684,134.237501621246,15
SHP0007,34.4301621325948,134.237643778324,16
SHP0007,34.4302152288646,134.237753748894,17
SHP0007,34.430255051067,134.237799346447,18
SHP0007,34.4304804712026,134.237906180161,19
SHP0007,34.4304984089703,134.237914681435,20
SHP0007,34.4305758410304,134.237960278988,21
SHP0007,34.4306289373003,134.238005876541,22
SHP0007,34.4307130063941,134.23809170723,23
SHP0007,34.4307218557724,134.238201677799,24
SHP0007,34.4305227447606,134.23868983984,25
SHP0007,34.430359031262,134.239414036274,26
SHP0007,34.4302727498236,134.239684939384,27
SHP0007,34.4301112486696,134.240124821663,28
SHP0007,34.4300249672311,134.240347445011,29
SHP0007,34.4297926710507,134.240964353085,30
SHP0007,34.4297329377472,134.24114137888,31
SHP0007,34.4296156834847,134.241414964199,32
SHP0007,34.4295249773571,134.241594672203,33
SHP0007,34.4294807304656,134.241664409637,34
SHP0007,34.4293059552441,134.241943359375,35
SHP0007,34.4292816194538,134.24198359251,36
SHP0007,34.4292373725622,134.242082834244,37
SHP0007,34.4291887009816,134.242275953293,38
SHP0007,34.4291931256707,134.242557585239,39
SHP0007,34.4292351602177,134.243118166924,40
SHP0007,34.4292417972514,134.243212044239,41
SHP0007,34.4292196738056,134.243402481079,42
SHP0007,34.4291333923672,134.243802130222,43
SHP0007,34.4290802960974,134.243893325329,44
SHP0007,34.4290028640372,134.243973791599,45
SHP0007,34.4288922468085,134.244046211243,46
SHP0007,34.4287108345533,134.244129359722,47
SHP0007,34.4284851754066,134.244199097157,48
SHP0007,34.4283679211441,134.244279563427,49
SHP0007,34.4282838520502,134.244394898415,50
SHP0007,34.4281511113757,134.244649708271,51
SHP0007,34.4280781040047,134.244740903378,52
SHP0007,34.4279630620867,134.244888424873,53
SHP0007,34.4274630722127,134.245357811451,54
SHP0007,34.4273391809164,134.245499968529,55
SHP0007,34.4272882969912,134.245609939098,56
SHP0007,34.4272905093358,134.245754778385,57
SHP0007,34.4273303315381,134.245880842209,58
SHP0007,34.4274033389091,134.245990812778,59
SHP0007,34.4274918326922,134.246087372303,60
SHP0007,34.4275714770969,134.246127605438,61
SHP0007,34.4278347461014,134.246065914631,62
SHP0007,34.4279652744313,134.246028363705,63
SHP0007,34.4280825286938,134.246028363705,64
SHP0007,34.4282108446792,134.246065914631,65
SHP0007,34.4283611037563,134.246115393325,66
SHP0007,34.4285692445004,134.246183931828,67
SHP0007,34.4297218760243,134.246444106102,68
SHP0007,34.4299984190962,134.246564805508,69
SHP0007,34.4301112486696,134.246607720852,70
SHP0007,34.4302506263778,134.246696233749,71
SHP0007,34.43034354485,134.246744513512,72
SHP0007,34.43084425164,134.24694192763,73
SHP0007,34.4308877816156,134.246959090233,74
SHP0007,34.4311576876538,134.247061014175,75
SHP0007,34.4312970653621,134.247125387192,76
SHP0007,34.4313722850776,134.247173666954,77
SHP0007,34.4317705071012,134.247605502605,78
SHP0007,34.4318700626071,134.247694015503,79
SHP0007,34.4319452823227,134.247736930847,80
SHP0007,34.4321222698887,134.247795939445,81
SHP0007,34.4322262500838,134.247814714909,82
SHP0007,34.4323324426234,134.247846901417,83
SHP0007,34.4325603141147,134.247956871986,84
SHP0007,34.4330249064755,134.248238503933,85
SHP0007,34.433257202656,134.248386025429,86
SHP0007,34.4333346347161,134.248447716236,87
SHP0007,34.4333965803642,134.248498678207,88
SHP0007,34.4338987825829,134.248992204666,89
SHP0007,34.4340978935947,134.249220192432,90
SHP0007,34.4342151351445,134.249394536018,91
SHP0007,34.4342416804011,134.249477684498,92
SHP0007,34.4343721945793,134.249998033047,93
SHP0007,34.4345027087574,134.250354766846,94
SHP0007,34.4345646476895,134.250464737415,95
SHP0007,34.4346796771346,134.250539839268,96
SHP0007,34.4348809786636,134.250596165657,97
SHP0007,34.4349384933862,134.250606894493,98
SHP0007,34.4351243101823,134.250609576702,99
SHP0007,34.4354340048423,134.250609576702,100
SHP0007,34.4355247011356,134.250617623329,101
SHP0007,34.4355954884865,134.250660538673,102
SHP0007,34.4357613963401,134.250818789005,103
SHP0007,34.4358299715862,134.250907301903,104
SHP0007,34.4358852742041,134.251033365726,105
SHP0007,34.4359649099738,134.251247942448,106
SHP0007,34.4360467578483,134.251424968243,107
SHP0007,34.436157363084,134.251500070095,108
SHP0007,34.4362635441103,134.25154030323,109
SHP0007,34.4365798750845,134.251601994038,110
SHP0007,34.4367236618909,134.251618087292,111
SHP0007,34.4368674486974,134.251631498337,112
SHP0007,34.4370222960274,134.251639544964,113
SHP0007,34.4377014121748,134.251639544964,114
SHP0007,34.4378540474001,134.251585900784,115
SHP0007,34.4381770146884,134.251419603825,116
SHP0007,34.4383650435892,134.251306951046,117
SHP0007,34.4386083751078,134.251280128956,118
SHP0007,34.4389446150244,134.251266717911,119
SHP0007,34.439048583946,134.251266717911,120
SHP0007,34.4392211281137,134.251234531403,121
SHP0007,34.4396244645944,134.251095164445,122
SHP0007,34.4396480643237,134.251087009907,123
SHP0007,34.4397210637792,134.251049458981,124
SHP0007,34.440017485811,134.250789284706,125
SHP0007,34.4402939989003,134.250569343567,126
SHP0007,34.4404753914869,134.250445961952,127
SHP0007,34.4408647219167,134.250150918961,128
SHP0007,34.4409731150477,134.250075817108,129
SHP0007,34.441048326608,134.250059723854,130
SHP0007,34.4411832649956,134.250046312809,131
SHP0007,34.4413049307549,134.250054359436,132
SHP0007,34.4416677159281,134.250126779079,133
SHP0007,34.441784957478,134.250137507915,134
SHP0007,34.4418402600959,134.25015360117,135
SHP0007,34.4420747431956,134.250209927559,136
SHP0007,34.4421831363266,134.25023406744,137
SHP0007,34.4424618615207,134.250298440456,138
SHP0007,34.44264248531,134.250338810772,139
SHP0007,34.4429418882437,134.250405728817,140
SHP0007,34.4431586745058,134.250480830669,141
SHP0007,34.4432935982601,134.250531792641,142
SHP0007,34.4433356236917,134.250539839268,143
SHP0007,34.4434616999867,134.250563979149,144
SHP0007,34.4436519203616,134.250545203686,145
SHP0007,34.4439107085461,134.250472784042,146
SHP0007,34.4440235136521,134.250416457653,147
SHP0007,34.4440633272189,134.250405728817,148
SHP0007,34.4441805560546,134.250405728817,149
SHP0007,34.4444946408597,134.250515699387,150
SHP0007,34.4448109375296,134.250606894493,151
SHP0007,34.4449126833115,134.250631034374,152
SHP0007,34.445171471496,134.250695407391,153
SHP0007,34.4453904461136,134.25075173378,154
SHP0007,34.445536429192,134.250813424587,155
SHP0007,34.4455895139478,134.250853657722,156
SHP0007,34.445624903785,134.250936806202,157
SHP0007,34.4456160563257,134.251164793968,158
SHP0007,34.4456293275146,134.251250624657,159
SHP0007,34.4456403868388,134.251290857792,160
SHP0007,34.4456602936222,134.251325726509,161
SHP0007,34.445700107189,134.251347184181,162
SHP0007,34.4457598275393,134.251355230808,163
SHP0007,34.4458151241599,134.251293540001,164
SHP0007,34.4458350309433,134.251223802567,165
SHP0007,34.4458328190785,134.251146018505,166
SHP0007,34.4459102343473,134.250714182854,167
SHP0007,34.4458991750232,134.250617623329,168
SHP0007,34.4458704207805,134.250526428223,169
SHP0007,34.4458438784026,134.250491559505,170
SHP0007,34.4456602936222,134.250362813473,171
SHP0007,34.4456138444609,134.250319898129,172
SHP0007,34.4455917258126,134.250274300575,173
SHP0007,34.445574030894,134.250215291977,174
SHP0007,34.4455607597051,134.250062406063,175
SHP0007,34.4455408529217,134.249998033047,176
SHP0007,34.4455342173272,134.249976575375,177
SHP0007,34.4454944037603,134.249885380268,178
SHP0007,34.4453992935729,134.24974322319,179
SHP0007,34.4453948698432,134.24968957901,180
SHP0007,34.4454037173025,134.24963593483,181
SHP0007,34.4454391071397,134.249590337276,182
SHP0007,34.4455076749493,134.249560832977,183
SHP0007,34.4455585478402,134.249571561813,184
SHP0007,34.445611632596,134.249619841576,185
SHP0007,34.4456934715945,134.249869287014,186
SHP0007,34.4457155902428,134.249917566776,187
SHP0007,34.4457664631337,134.249981939793,188
SHP0007,34.4457907936468,134.249998033047,189
SHP0007,34.4458217597544,134.250022172928,190
SHP0007,34.4458991750232,134.2500436306,191
SHP0007,34.4461269971001,134.250014126301,192
SHP0007,34.4462597089896,134.250038266182,193
SHP0007,34.4463127937454,134.25007045269,194
SHP0007,34.4464366581755,134.25020724535,195
SHP0007,34.4464764717424,134.250293076038,196
SHP0007,34.4465030141203,134.2503708601,197
SHP0007,34.4465207090389,134.250456690788,198
SHP0007,34.4465273446333,134.250628352165,199
SHP0007,34.4465450395519,134.250735640526,200
SHP0007,34.4465959124429,134.250837564468,201
SHP0007,34.4466512090635,134.250883162022,202
SHP0007,34.4467396836565,134.25091534853,203
SHP0007,34.4468436413032,134.250928759575,204
SHP0007,34.4469542345444,134.250926077366,205
SHP0007,34.4470382854078,134.250939488411,206
SHP0007,34.4471356074601,134.250977039337,207
SHP0007,34.447237353242,134.251028001308,208
SHP0007,34.4472727430792,134.25105214119,209
SHP0007,34.4473966075093,134.251285493374,210
SHP0007,34.4474297854817,134.251331090927,211
SHP0007,34.4474695990485,134.251382052898,212
SHP0007,34.4475669211008,134.251454472542,213
SHP0007,34.4476974211255,134.251526892185,214
SHP0007,34.447854463528,134.251564443111,215
SHP0007,34.4479252432024,134.251564443111,216
SHP0007,34.4480070822009,134.251551032066,217
SHP0007,34.4481265229014,134.251508116722,218
SHP0007,34.4482902008984,134.251465201378,219
SHP0007,34.4483189551411,134.25143301487,220
SHP0007,34.4495067265518,134.251087009907,221
SHP0007,34.4497367604936,134.250934123993,222
SHP0007,34.4499999724077,134.250671267509,223
SHP0007,34.4501791334584,134.250502288342,224
SHP0007,34.4502366419439,134.250459372997,225
SHP0007,34.4503383877258,134.250437915325,226
SHP0007,34.4503936843464,134.250445961952,227
SHP0007,34.4506657437198,134.250539839268,228
SHP0007,34.4507785488259,134.250547885895,229
SHP0007,34.450864811554,134.250521063805,230
SHP0007,34.4509178963098,134.250488877296,231
SHP0007,34.4511855319535,134.250220656395,232
SHP0007,34.4513580574098,134.25007045269,233
SHP0007,34.4514752862455,134.249998033047,234
SHP0007,34.4518955405622,134.249729812145,235
SHP0007,34.4522184728265,134.249536693096,236
SHP0007,34.4522936680733,134.249507188797,237
SHP0007,34.4523666516952,134.249501824379,238
SHP0007,34.4524705980657,134.249531328678,239
SHP0007,34.4525303119381,134.24957960844,240
SHP0007,34.4526895489313,134.249735176563,241
SHP0007,34.4527293581796,134.249740540981,242
SHP0007,34.4527603209282,134.249727129936,243
SHP0007,34.4528089766762,134.249694943428,244
SHP0007,34.452835516175,134.249641299248,245
SHP0007,34.4528443626746,134.249595701694,246
SHP0007,34.4528310929252,134.24952596426,247
SHP0007,34.4525524281872,134.248782992363,248
SHP0007,34.4524927143148,134.248571097851,249
SHP0007,34.4524661748159,134.248404800892,250
SHP0007,34.4524595399412,134.248270690441,251
SHP0007,34.4524728096906,134.248080253601,252
SHP0007,34.4525303119381,134.247597455978,253
SHP0007,34.4525391584378,134.247500896454,254
SHP0007,34.4525347351879,134.247449934483,255
SHP0007,34.4525148305638,134.247337281704,256
SHP0007,34.4524772329404,134.247240722179,257
SHP0007,34.4524219423178,134.2471575737,258
SHP0007,34.4523644400703,134.247095882893,259
SHP0007,34.4523157843224,134.247028827667,260
SHP0007,34.4522273193262,134.246755242348,261
SHP0007,34.4522184728265,134.246725738049,262
SHP0007,34.4520503710999,134.246229529381,263
SHP0007,34.4519419897235,134.24598544836,264
SHP0007,34.4517827354561,134.24560457468,265
SHP0007,34.4517738879968,134.245572388172,266
SHP0007,34.4517053201873,134.245384633541,267
SHP0007,34.4516610828908,134.245178103447,268
SHP0007,34.4516323286481,134.244982302189,269
SHP0007,34.451621269324,134.244767725468,270
SHP0007,34.4516102099998,134.244432449341,271
SHP0007,34.4516067198662,134.244326641927,272
SHP0007,34.4516018230192,134.244178188381,273
SHP0007,34.4515814557571,134.243560731411,274
SHP0007,34.4515814557571,134.24312889576,275
SHP0007,34.4516057862702,134.242949187756,276
SHP0007,34.4516389642425,134.242780208588,277
SHP0007,34.4517738879968,134.242351055145,278
SHP0007,34.4518114896989,134.242182075977,279
SHP0007,34.4518380320767,134.24198359251,280
SHP0007,34.4518446676712,134.241943359375,281
SHP0007,34.4518778456436,134.241664409637,282
SHP0007,34.4519110236159,134.241423010826,283
SHP0007,34.4520083456682,134.240682721138,284
SHP0007,34.452031764448,134.240532375135,285
SHP0007,34.4520459473702,134.240441322327,286
SHP0007,34.4520570066944,134.240363538265,287
SHP0007,34.4520968202612,134.240197241306,288
SHP0007,34.4521432694225,134.240097999573,289
SHP0007,34.4522184728265,134.239977300167,290
SHP0007,34.4522715518243,134.239920973778,291
SHP0007,34.4523600168205,134.239864647388,292
SHP0007,34.4524108841933,134.239821732044,293
SHP0007,34.452674067557,134.239652752876,294
SHP0007,34.453673722014,134.239014387131,295
SHP0007,34.4540541214976,134.238534271717,296
SHP0007,34.4541890306168,134.238397479057,297
SHP0007,34.4544588488552,134.238209724426,298
SHP0007,34.4545384673518,134.238169491291,299
SHP0007,34.4546424137223,134.238134622574,300
SHP0007,34.4551953199486,134.238032698631,301
SHP0007,34.4553302290678,134.238019287586,302
SHP0007,34.4554518684375,134.238038063049,303
SHP0007,34.4557150518012,134.23825532198,304
SHP0007,34.4557637075491,134.238303601742,305
SHP0007,34.4557858237982,134.238341152668,306
SHP0007,34.4557968819227,134.238413572311,307
SHP0007,34.4558035167974,134.238722026348,308
SHP0007,34.4558455376706,134.238971471786,309
SHP0007,34.4560335257875,134.239408671856,310
SHP0007,34.4561441070328,134.239601790905,311
SHP0007,34.456254688278,134.239749312401,312
SHP0007,34.4564470996447,134.239950478077,313
SHP0007,34.4568562502521,134.24032330513,314
SHP0007,34.4570752011177,134.240551292896,315
SHP0007,34.4572211683614,134.240717589855,316
SHP0007,34.457325114732,134.240870475769,317
SHP0007,34.4574666587259,134.241101145744,318
SHP0007,34.4576303189689,134.24141228199,319
SHP0007,34.4577254188398,134.241664409637,320
SHP0007,34.4577563815884,134.241779744625,321
SHP0007,34.4577917675869,134.241868257523,322
SHP0007,34.4578448465846,134.241943359375,323
SHP0007,34.4580350463265,134.242098927498,324
SHP0007,34.4580837020744,134.242168664932,325
SHP0007,34.4581212996977,134.242251813412,326
SHP0007,34.4581544740713,134.242356419563,327
SHP0007,34.4582716901913,134.242764115334,328
SHP0007,34.4583336156886,134.242906272411,329
SHP0007,34.4583667900622,134.242943823338,330
SHP0007,34.4584331388093,134.242981374264,331
SHP0007,34.4584862178071,134.243000149727,332
SHP0007,34.4585680479285,134.243002831936,333
SHP0007,34.4588511359164,134.242978692055,334
SHP0007,34.4590988379057,134.242970645428,335
SHP0007,34.4594018305177,134.2429921031,336
SHP0007,34.4597689602519,134.24296528101,337
SHP0007,34.4601582062352,134.242927730083,338
SHP0007,34.4606160125905,134.242887496948,339
SHP0007,34.4608150588319,134.242847263813,340
SHP0007,34.4608600403241,134.242831860742,341
SHP0007,34.4610030469488,134.242782890797,342
SHP0007,34.4612772884371,134.242662191391,343
SHP0007,34.4619119559195,134.242385923862,344
SHP0007,34.4620623300965,134.242321550846,345
SHP0007,34.4622038587337,134.242235720158,346
SHP0007,34.4624847046231,134.241986274719,347
SHP0007,34.4625355664771,134.241943359375,348
SHP0007,34.4627743960524,134.241779744625,349
SHP0007,34.4629667865436,134.241664409637,350
SHP0007,34.4630287053223,134.24162954092,351
SHP0007,34.4631326404153,134.24154907465,352
SHP0007,34.4633537789109,134.24135863781,353
SHP0007,34.4635085758578,134.241224527359,354
SHP0007,34.463650104495,134.241066277027,355
SHP0007,34.4638248039065,134.240816831589,356
SHP0007,34.4639154706898,134.240653216839,357
SHP0007,34.4639773894685,134.240519106388,358
SHP0007,34.4640282513225,134.240395724773,359
SHP0007,34.4640372009756,134.240124821663,360
SHP0007,34.4639797037284,134.240012168884,361
SHP0007,34.4638824006044,134.239845871925,362
SHP0007,34.463785097367,134.239743947983,363
SHP0007,34.4636701024856,134.239572286606,364
SHP0007,34.4636479880672,134.239309430122,365
SHP0007,34.4638381718742,134.238923192024,366
SHP0007,34.4640018180589,134.238708615303,367
SHP0007,34.4642848809726,134.238676428795,368
SHP0007,34.4644506258491,134.238732755184,369
SHP0007,34.4646983009642,134.238915145397,370
SHP0007,34.464813292982,134.238958060741,371
SHP0007,34.4648752117607,134.238963425159,372
SHP0007,34.4649526102342,134.238950014114,373
SHP0007,34.4650543339422,134.238915145397,374
SHP0007,34.4651494234953,134.238869547844,375
SHP0007,34.4652599927431,134.238850772381,376
SHP0007,34.4653749847608,134.238856136799,377
SHP0007,34.4657089038892,134.238941967487,378
SHP0007,34.466224156584,134.239118993282,379
SHP0007,34.4665094252433,134.239218235016,380
SHP0007,34.4666686449602,134.239274561405,381
SHP0007,34.4668322874469,134.239333570004,382
SHP0007,34.4669229542301,134.239365756512,383
SHP0007,34.4670246779381,134.239387214184,384
SHP0007,34.467179474885,134.239379167557,385
SHP0007,34.4672900441329,134.239333570004,386
SHP0007,34.4673143693674,134.23931479454,387
SHP0007,34.4675045484736,134.239156544209,388
SHP0007,34.4676018494117,134.23907071352,389
SHP0007,34.4677632805135,134.238931238651,390
SHP0007,34.4678716383763,134.238858819008,391
SHP0007,34.4679799962392,134.238802492619,392
SHP0007,34.4681768095003,134.238727390766,393
SHP0007,34.4685682246375,134.238609373569,394
SHP0007,34.4687465590256,134.238561082576,395
SHP0007,34.4687960419342,134.238547683148,396
SHP0007,34.4690436724031,134.238480627537,397
SHP0007,34.4692250059695,134.238408207893,398
SHP0007,34.4694925835492,134.238249957561,399
SHP0007,34.4698486165271,134.238005876541,400
SHP0007,34.4701648445759,134.237751066685,401
SHP0007,34.4703351212175,134.237590134144,402
SHP0007,34.4704235670166,134.237504303455,403
SHP0007,34.4706269923546,134.237262904644,404
SHP0007,34.4707508164734,134.237101972103,405
SHP0007,34.47105066429,134.236677295522,406
SHP0007,34.471085712347,134.236627656711,407
SHP0007,34.4711598782944,134.236522614956,408
SHP0007,34.4712107346288,134.236431419849,409
SHP0007,34.471400893097,134.236190021038,410
SHP0007,34.4714937611861,134.236012995243,411
SHP0007,34.4715711512603,134.235817193985,412
SHP0007,34.471599896145,134.235675036907,413
SHP0007,34.4716065295799,134.235535562038,414
SHP0007,34.471599896145,134.235127866268,415
SHP0007,34.4715755735502,134.234897196293,416
SHP0007,34.4715401952306,134.234722852707,417
SHP0007,34.4714230045468,134.234374165535,418
SHP0007,34.4713721482123,134.234264194965,419
SHP0007,34.4712549575284,134.234046936035,420
SHP0007,34.4711576671494,134.233907461166,421
SHP0007,34.4710714324952,134.233743846416,422
SHP0007,34.4710537433354,134.233671426773,423
SHP0007,34.4710493210454,134.233596324921,424
SHP0007,34.4710846993651,134.233456850052,425
SHP0007,34.4711156553948,134.233371019363,426
SHP0007,34.4711289222647,134.233330786228,427
SHP0007,34.4713168695878,134.23283457756,428
SHP0007,34.4714495382865,134.232555627823,429
SHP0007,34.4715512509555,134.23242688179,430
SHP0007,34.4716153741599,134.232386648655,431
SHP0007,34.4716861307992,134.232362508774,432
SHP0007,34.4717568874385,134.232359826565,433
SHP0007,34.4719514681965,134.232467114925,434
SHP0007,34.472311884828,134.232687056065,435
SHP0007,34.4725285770358,134.232821166515,436
SHP0007,34.4725639553555,134.232847988605,437
SHP0007,34.4725869463428,134.232860869069,438
SHP0007,34.4731145304551,134.233156442642,439
SHP0007,34.4734307241869,134.233309328556,440
SHP0007,34.4735103254062,134.233330786228,441
SHP0007,34.4735722374655,134.233349561691,442
SHP0007,34.4736098269302,134.233360290527,443
SHP0007,34.4737690293686,134.233373701572,444
SHP0007,34.4739061203572,134.233354926109,445
SHP0007,34.4740100441712,134.233330786228,446
SHP0007,34.4744633288917,134.233234226704,447
SHP0007,34.47464022049,134.233226180077,448
SHP0007,34.4750006371214,134.233263731003,449
SHP0007,34.4752040624594,134.233290553093,450
SHP0007,34.4753743206228,134.233330786228,451
SHP0007,34.4754030655075,134.233338832855,452
SHP0007,34.4756706140498,134.233416616917,453
SHP0007,34.476364913573,134.23354268074,454
SHP0007,34.476468837387,134.233556091785,455
SHP0007,34.476762919669,134.233596324921,456
SHP0007,34.4769840341669,134.233633875847,457
SHP0007,34.4772029375197,134.233682155609,458
SHP0007,34.4772869610289,134.233684837818,459
SHP0007,34.4773223393485,134.233666062355,460
SHP0007,34.4776650668201,134.233416616917,461
SHP0007,34.477782257504,134.233330786228,462
SHP0007,34.4778574364332,134.233277142048,463
SHP0007,34.4780210611616,134.233145713806,464
SHP0007,34.478182474745,134.233016967773,465
SHP0007,34.4784288109837,134.232841109611,466
SHP0007,34.4786446040455,134.232687056065,467
SHP0007,34.4789276306027,134.232467114925,468
SHP0007,34.4790647215913,134.232370555401,469
SHP0007,34.4791133667809,134.232316911221,470
SHP0007,34.4792217128848,134.23218280077,471
SHP0007,34.4793455370036,134.232005774975,472
SHP0007,34.4793919710481,134.231933355331,473
SHP0007,34.4794361891475,134.231866300106,474
SHP0007,34.4795224144414,134.231737554073,475
SHP0007,34.4797855121329,134.231321811676,476
SHP0007,34.4798319411373,134.231249392033,477
SHP0007,34.4799867044853,134.23095703125,478
SHP0007,34.480086195209,134.230637848377,479
SHP0007,34.4801215696885,134.23052251339,480
SHP0007,34.4802122167923,134.230141639709,481
SHP0007,34.4803028638961,134.229886829853,482
SHP0007,34.4804996344386,134.229516685009,483
SHP0007,34.4808213266628,134.228952190012,484
SHP0007,34.4808710664737,134.228864908218,485
SHP0007,34.481001509867,134.228682518005,486
SHP0007,34.4812137567442,134.228843450546,487
SHP0007,34.4813464110425,134.22894269228,488
SHP0007,34.4813907991216,134.228981797924,489
SHP0007,34.48153212706,134.22910630703,490
SHP0007,34.481766482987,134.229334294796,491
SHP0007,34.4821025405425,134.22973126173,492
SHP0007,34.4821732895016,134.229817092419,493
SHP0007,34.4821976094563,134.2298412323,494
SHP0007,34.4822573038905,134.229924380779,495
SHP0007,34.4822860456551,134.230028986931,496
SHP0007,34.4823457400894,134.23095703125,497
SHP0007,34.4823634273291,134.23125743866,498
SHP0007,34.4824010127136,134.231549799442,499
SHP0007,34.4824872380075,134.231906533241,500
SHP0007,34.4828586700426,134.23294454813,501
SHP0007,34.4829979570558,134.233330786228,502
SHP0007,34.4831195568292,134.233663380146,503
SHP0007,34.4833340146114,134.234266877174,504
SHP0007,34.4834290835251,134.234545826912,505
SHP0007,34.4833340146114,134.234594106674,506
SHP0007,34.4830688396351,134.234727225148,507
SHP0007,34.4828985829689,134.234266877174,508
SHP0007,34.4828549656186,134.234161047777,509
SHP0007,34.4828985829689,134.234266877174,510
SHP0007,34.4830688396351,134.234727225148,511
SHP0007,34.4833340146114,134.234594106674,512
SHP0007,34.4834290835251,134.234545826912,513
SHP0007,34.4833340146114,134.234266877174,514
SHP0007,34.4831195568292,134.233663380146,515
SHP0007,34.4829979570558,134.233330786228,516
SHP0007,34.4828586700426,134.23294454813,517
SHP0007,34.4824872380075,134.231906533241,518
SHP0007,34.4824010127136,134.231549799442,519
SHP0007,34.4823634273291,134.23125743866,520
SHP0007,34.4823457400894,134.23095703125,521
SHP0007,34.4822860456551,134.230028986931,522
SHP0007,34.4822573038905,134.229924380779,523
SHP0007,34.4821976094563,134.2298412323,524
SHP0007,34.4821732895016,134.229817092419,525
SHP0007,34.4821025405425,134.22973126173,526
SHP0007,34.481766482987,134.229334294796,527
SHP0007,34.48153212706,134.22910630703,528
SHP0007,34.4813907991216,134.228981797924,529
SHP0007,34.4813464110425,134.22894269228,530
SHP0007,34.4812137567442,134.228843450546,531
SHP0007,34.481001509867,134.228682518005,532
SHP0007,34.4811275314503,134.228323101997,533
SHP0007,34.481151851405,134.228229224682,534
SHP0007,34.4811717495498,134.228100478649,535
SHP0007,34.4812358657939,134.227459430695,536
SHP0007,34.481302192943,134.226842522621,537
SHP0007,34.4812999820381,134.226703047752,538
SHP0007,34.4812756620834,134.226501882076,539
SHP0007,34.4812203894591,134.226343631744,540
SHP0007,34.4811363750702,134.22613710165,541
SHP0007,34.4808180047544,134.22548532486,542
SHP0007,34.4806742959313,134.225190281868,543
SHP0007,34.480616812402,134.225050806999,544
SHP0007,34.4805947033523,134.224999845028,545
SHP0007,34.4805836488275,134.224970340729,546
SHP0007,34.4805681724927,134.224860370159,547
SHP0007,34.4805572432371,134.224755402507,548
SHP0007,34.480541641633,134.224605560303,549
SHP0007,34.480541641633,134.224546551704,550
SHP0007,34.480541641633,134.224337339401,551
SHP0007,34.4803581365204,134.224275648594,552
SHP0007,34.480238747652,134.224278330803,553
SHP0007,34.4801259914985,134.224302470684,554
SHP0007,34.480088406114,134.224334657192,555
SHP0007,34.4800419771096,134.224404394627,556
SHP0007,34.4799424863859,134.224621653557,557
SHP0007,34.4797744576081,134.224999845028,558
SHP0007,34.4797412940335,134.225072264671,559
SHP0007,34.4798783951256,134.225463867188,560
SHP0007,34.4799977896929,134.225603342056,561
SHP0007,34.4799226153556,134.225812554359,562
SHP0007,34.4797634224178,134.225753545761,563
SHP0007,34.4798187618195,134.225614115811,564
SHP0008,34.4798783951256,134.225463867188,1
SHP0008,34.4797412940335,134.225072264671,2
SHP0008,34.4797744576081,134.224999845028,3
SHP0008,34.4799424863859,134.224621653557,4
SHP0008,34.4800419771096,134.224404394627,5
SHP0008,34.480088406114,134.224334657192,6
SHP0008,34.4801259914985,134.224302470684,7
SHP0008,34.480238747652,134.224278330803,8
SHP0008,34.4803581365204,134.224275648594,9
SHP0008,34.480541641633,134.224337339401,10
SHP0008,34.480541641633,134.223999381065,11
SHP0008,34.480541641633,134.223704338074,12
SHP0008,34.4805173216783,134.22336101532,13
SHP0008,34.4804598381491,134.223138391972,14
SHP0008,34.4802829657514,134.222792387009,15
SHP0008,34.4801481005482,134.222529530525,16
SHP0008,34.4800419771096,134.222261309624,17
SHP0008,34.4800242898698,134.2221352458,18
SHP0008,34.4800154462499,134.221926033497,19
SHP0008,34.4800220789648,134.221759736538,20
SHP0008,34.4800486098245,134.221601486206,21
SHP0008,34.4801878968377,134.22107309103,22
SHP0008,34.4802697003216,134.220804870129,23
SHP0008,34.4803802455701,134.22055542469,24
SHP0008,34.4805314331141,134.22036396354,25
SHP0008,34.4806322887368,134.220236241817,26
SHP0008,34.4807185140307,134.220134317875,27
SHP0008,34.4808600119488,134.219970703125,28
SHP0008,34.4811894367895,134.219581782818,29
SHP0008,34.481304403848,134.219396710396,30
SHP0008,34.4813640982822,134.219251871109,31
SHP0008,34.4814127381916,134.219045341015,32
SHP0008,34.4814370581463,134.218822717667,33
SHP0008,34.481454745386,134.218672513962,34
SHP0008,34.4815144398203,134.217948317528,35
SHP0008,34.4815873996843,134.217269718647,36
SHP0008,34.4816448832135,134.216856658459,37
SHP0008,34.4816802576931,134.216666221619,38
SHP0008,34.4817001558378,134.216550886631,39
SHP0008,34.4817223588288,134.216263890266,40
SHP0008,34.4817416911759,134.216183759659,41
SHP0008,34.4817754219291,134.216043949127,42
SHP0008,34.4819080795324,134.215577244759,43
SHP0008,34.4818727041922,134.215528964996,44
SHP0008,34.4818329069165,134.215362668037,45
SHP0008,34.4817621561572,134.215040802956,46
SHP0008,34.4817400465326,134.214912056923,47
SHP0008,34.4817710000054,134.214761853218,48
SHP0008,34.4820981187326,134.213756024837,49
SHP0008,34.4824120672385,134.21391159296,50
SHP0008,34.4822639366054,134.214464128017,51
SHP0008,34.482067166063,134.215134680271,52
SHP0008,34.4819544099095,134.215547740459,53
SHP0008,34.4819389335747,134.215604066849,54
SHP0008,34.4818074322051,134.216125506158,55
SHP0008,34.4817001558378,134.216550886631,56
SHP0008,34.4816802576931,134.216666221619,57
SHP0008,34.4816448832135,134.216856658459,58
SHP0008,34.4815873996843,134.217269718647,59
SHP0008,34.4815144398203,134.217948317528,60
SHP0008,34.481454745386,134.218672513962,61
SHP0008,34.4814370581463,134.218822717667,62
SHP0008,34.4814127381916,134.219045341015,63
SHP0008,34.4813640982822,134.219251871109,64
SHP0008,34.481304403848,134.219396710396,65
SHP0008,34.4811894367895,134.219581782818,66
SHP0008,34.4808600119488,134.219970703125,67
SHP0008,34.4807185140307,134.220134317875,68
SHP0008,34.4806322887368,134.220236241817,69
SHP0008,34.4805314331141,134.22036396354,70
SHP0008,34.4803802455701,134.22055542469,71
SHP0008,34.4802697003216,134.220804870129,72
SHP0008,34.4801878968377,134.22107309103,73
SHP0008,34.4800486098245,134.221601486206,74
SHP0008,34.4800220789648,134.221759736538,75
SHP0008,34.4800154462499,134.221926033497,76
SHP0008,34.4800242898698,134.2221352458,77
SHP0008,34.4800419771096,134.222261309624,78
SHP0008,34.4801481005482,134.222529530525,79
SHP0008,34.4802829657514,134.222792387009,80
SHP0008,34.4804598381491,134.223138391972,81
SHP0008,34.4805173216783,134.22336101532,82
SHP0008,34.480541641633,134.223704338074,83
SHP0008,34.480541641633,134.223999381065,84
SHP0008,34.480541641633,134.224337339401,85
SHP0008,34.480541641633,134.224546551704,86
SHP0008,34.480541641633,134.224605560303,87
SHP0008,34.4805572432371,134.224755402507,88
SHP0008,34.4805681724927,134.224860370159,89
SHP0008,34.4805836488275,134.224970340729,90
SHP0008,34.4805947033523,134.224999845028,91
SHP0008,34.480616812402,134.225050806999,92
SHP0008,34.4806742959313,134.225190281868,93
SHP0008,34.4808180047544,134.22548532486,94
SHP0008,34.4811363750702,134.22613710165,95
SHP0008,34.4812203894591,134.226343631744,96
SHP0008,34.4812756620834,134.226501882076,97
SHP0008,34.4812999820381,134.226703047752,98
SHP0008,34.481302192943,134.226842522621,99
SHP0008,34.4812358657939,134.227459430695,100
SHP0008,34.4811717495498,134.228100478649,101
SHP0008,34.481151851405,134.228229224682,102
SHP0008,34.4811275314503,134.228323101997,103
SHP0008,34.481001509867,134.228682518005,104
SHP0008,34.4812137567442,134.228843450546,105
SHP0008,34.4813464110425,134.22894269228,106
SHP0008,34.4813907991216,134.228981797924,107
SHP0008,34.48153212706,134.22910630703,108
SHP0008,34.481766482987,134.229334294796,109
SHP0008,34.4821025405425,134.22973126173,110
SHP0008,34.4821732895016,134.229817092419,111
SHP0008,34.4821976094563,134.2298412323,112
SHP0008,34.4822573038905,134.229924380779,113
SHP0008,34.4822860456551,134.230028986931,114
SHP0008,34.4823457400894,134.23095703125,115
SHP0008,34.4823634273291,134.23125743866,116
SHP0008,34.4824010127136,134.231549799442,117
SHP0008,34.4824872380075,134.231906533241,118
SHP0008,34.4828586700426,134.23294454813,119
SHP0008,34.4829979570558,134.233330786228,120
SHP0008,34.4831195568292,134.233663380146,121
SHP0008,34.4833340146114,134.234266877174,122
SHP0008,34.4834290835251,134.234545826912,123
SHP0008,34.4833340146114,134.234594106674,124
SHP0008,34.4830688396351,134.234727225148,125
SHP0008,34.4828985829689,134.234266877174,126
SHP0008,34.4828549656186,134.234161047777,127
SHP0008,34.4828985829689,134.234266877174,128
SHP0008,34.4830688396351,134.234727225148,129
SHP0008,34.4833340146114,134.234594106674,130
SHP0008,34.4834290835251,134.234545826912,131
SHP0008,34.4833340146114,134.234266877174,132
SHP0008,34.4831195568292,134.233663380146,133
SHP0008,34.4829979570558,134.233330786228,134
SHP0008,34.4828586700426,134.23294454813,135
SHP0008,34.4824872380075,134.231906533241,136
SHP0008,34.4824010127136,134.231549799442,137
SHP0008,34.4823634273291,134.23125743866,138
SHP0008,34.4823457400894,134.23095703125,139
SHP0008,34.4822860456551,134.230028986931,140
SHP0008,34.4822573038905,134.229924380779,141
SHP0008,34.4821976094563,134.2298412323,142
SHP0008,34.4821732895016,134.229817092419,143
SHP0008,34.4821025405425,134.22973126173,144
SHP0008,34.481766482987,134.229334294796,145
SHP0008,34.48153212706,134.22910630703,146
SHP0008,34.4813907991216,134.228981797924,147
SHP0008,34.4813464110425,134.22894269228,148
SHP0008,34.4812137567442,134.228843450546,149
SHP0008,34.481001509867,134.228682518005,150
SHP0008,34.4808710664737,134.228864908218,151
SHP0008,34.4808213266628,134.228952190012,152
SHP0008,34.4804996344386,134.229516685009,153
SHP0008,34.4803028638961,134.229886829853,154
SHP0008,34.4802122167923,134.230141639709,155
SHP0008,34.4801215696885,134.23052251339,156
SHP0008,34.480086195209,134.230637848377,157
SHP0008,34.4799867044853,134.23095703125,158
SHP0008,34.4798319411373,134.231249392033,159
SHP0008,34.4797855121329,134.231321811676,160
SHP0008,34.4795224144414,134.231737554073,161
SHP0008,34.4794361891475,134.231866300106,162
SHP0008,34.4793919710481,134.231933355331,163
SHP0008,34.4793455370036,134.232005774975,164
SHP0008,34.4792217128848,134.23218280077,165
SHP0008,34.4791133667809,134.232316911221,166
SHP0008,34.4790647215913,134.232370555401,167
SHP0008,34.4789276306027,134.232467114925,168
SHP0008,34.4786446040455,134.232687056065,169
SHP0008,34.4784288109837,134.232841109611,170
SHP0008,34.478182474745,134.233016967773,171
SHP0008,34.4780210611616,134.233145713806,172
SHP0008,34.4778574364332,134.233277142048,173
SHP0008,34.477782257504,134.233330786228,174
SHP0008,34.4776650668201,134.233416616917,175
SHP0008,34.4773223393485,134.233666062355,176
SHP0008,34.4772869610289,134.233684837818,177
SHP0008,34.4772029375197,134.233682155609,178
SHP0008,34.4769840341669,134.233633875847,179
SHP0008,34.476762919669,134.233596324921,180
SHP0008,34.476468837387,134.233556091785,181
SHP0008,34.476364913573,134.23354268074,182
SHP0008,34.4756706140498,134.233416616917,183
SHP0008,34.4754030655075,134.233338832855,184
SHP0008,34.4753743206228,134.233330786228,185
SHP0008,34.4752040624594,134.233290553093,186
SHP0008,34.4750006371214,134.233263731003,187
SHP0008,34.47464022049,134.233226180077,188
SHP0008,34.4744633288917,134.233234226704,189
SHP0008,34.4740100441712,134.233330786228,190
SHP0008,34.4739061203572,134.233354926109,191
SHP0008,34.4737690293686,134.233373701572,192
SHP0008,34.4736098269302,134.233360290527,193
SHP0008,34.4735722374655,134.233349561691,194
SHP0008,34.4735103254062,134.233330786228,195
SHP0008,34.4734307241869,134.233309328556,196
SHP0008,34.4731145304551,134.233156442642,197
SHP0008,34.4725869463428,134.232860869069,198
SHP0008,34.4725639553555,134.232847988605,199
SHP0008,34.4725285770358,134.232821166515,200
SHP0008,34.472311884828,134.232687056065,201
SHP0008,34.4719514681965,134.232467114925,202
SHP0008,34.4717568874385,134.232359826565,203
SHP0008,34.4716861307992,134.232362508774,204
SHP0008,34.4716153741599,134.232386648655,205
SHP0008,34.4715512509555,134.23242688179,206
SHP0008,34.4714495382865,134.232555627823,207
SHP0008,34.4713168695878,134.23283457756,208
SHP0008,34.4711289222647,134.233330786228,209
SHP0008,34.4711156553948,134.233371019363,210
SHP0008,34.4710846993651,134.233456850052,211
SHP0008,34.4710493210454,134.233596324921,212
SHP0008,34.4710537433354,134.233671426773,213
SHP0008,34.4710714324952,134.233743846416,214
SHP0008,34.4711576671494,134.233907461166,215
SHP0008,34.4712549575284,134.234046936035,216
SHP0008,34.4713721482123,134.234264194965,217
SHP0008,34.4714230045468,134.234374165535,218
SHP0008,34.4715401952306,134.234722852707,219
SHP0008,34.4715755735502,134.234897196293,220
SHP0008,34.471599896145,134.235127866268,221
SHP0008,34.4716065295799,134.235535562038,222
SHP0008,34.471599896145,134.235675036907,223
SHP0008,34.4715711512603,134.235817193985,224
SHP0008,34.4714937611861,134.236012995243,225
SHP0008,34.471400893097,134.236190021038,226
SHP0008,34.4712107346288,134.236431419849,227
SHP0008,34.4711598782944,134.236522614956,228
SHP0008,34.471085712347,134.236627656711,229
SHP0008,34.47105066429,134.236677295522,230
SHP0008,34.4707508164734,134.237101972103,231
SHP0008,34.4706269923546,134.237262904644,232
SHP0008,34.4704235670166,134.237504303455,233
SHP0008,34.4703351212175,134.237590134144,234
SHP0008,34.4701648445759,134.237751066685,235
SHP0008,34.4698486165271,134.238005876541,236
SHP0008,34.4694925835492,134.238249957561,237
SHP0008,34.4692250059695,134.238408207893,238
SHP0008,34.4690436724031,134.238480627537,239
SHP0008,34.4687960419342,134.238547683148,240
SHP0008,34.4687465590256,134.238561082576,241
SHP0008,34.4685682246375,134.238609373569,242
SHP0008,34.4681768095003,134.238727390766,243
SHP0008,34.4679799962392,134.238802492619,244
SHP0008,34.4678716383763,134.238858819008,245
SHP0008,34.4677632805135,134.238931238651,246
SHP0008,34.4676018494117,134.23907071352,247
SHP0008,34.4675045484736,134.239156544209,248
SHP0008,34.4673143693674,134.23931479454,249
SHP0008,34.4672900441329,134.239333570004,250
SHP0008,34.467179474885,134.239379167557,251
SHP0008,34.4670246779381,134.239387214184,252
SHP0008,34.4669229542301,134.239365756512,253
SHP0008,34.4668322874469,134.239333570004,254
SHP0008,34.4666686449602,134.239274561405,255
SHP0008,34.4665094252433,134.239218235016,256
SHP0008,34.466224156584,134.239118993282,257
SHP0008,34.4657089038892,134.238941967487,258
SHP0008,34.4653749847608,134.238856136799,259
SHP0008,34.4652599927431,134.238850772381,260
SHP0008,34.4651494234953,134.238869547844,261
SHP0008,34.4650543339422,134.238915145397,262
SHP0008,34.4649526102342,134.238950014114,263
SHP0008,34.4648752117607,134.238963425159,264
SHP0008,34.464813292982,134.238958060741,265
SHP0008,34.4646983009642,134.238915145397,266
SHP0008,34.4644506258491,134.238732755184,267
SHP0008,34.4642848809726,134.238676428795,268
SHP0008,34.4640018180589,134.238708615303,269
SHP0008,34.4638381718742,134.238923192024,270
SHP0008,34.4636479880672,134.239309430122,271
SHP0008,34.4636701024856,134.239572286606,272
SHP0008,34.463785097367,134.239743947983,273
SHP0008,34.4638824006044,134.239845871925,274
SHP0008,34.4639797037284,134.240012168884,275
SHP0008,34.4640372009756,134.240124821663,276
SHP0008,34.4640282513225,134.240395724773,277
SHP0008,34.4639773894685,134.240519106388,278
SHP0008,34.4639154706898,134.240653216839,279
SHP0008,34.4638248039065,134.240816831589,280
SHP0008,34.463650104495,134.241066277027,281
SHP0008,34.4635085758578,134.241224527359,282
SHP0008,34.4633537789109,134.24135863781,283
SHP0008,34.4631326404153,134.24154907465,284
SHP0008,34.4630287053223,134.24162954092,285
SHP0008,34.4629667865436,134.241664409637,286
SHP0008,34.4627743960524,134.241779744625,287
SHP0008,34.4625355664771,134.241943359375,288
SHP0008,34.4624847046231,134.241986274719,289
SHP0008,34.4622038587337,134.242235720158,290
SHP0008,34.4620623300965,134.242321550846,291
SHP0008,34.4619119559195,134.242385923862,292
SHP0008,34.4612772884371,134.242662191391,293
SHP0008,34.4610030469488,134.242782890797,294
SHP0008,34.4608600403241,134.242831860742,295
SHP0008,34.4608150588319,134.242847263813,296
SHP0008,34.4606160125905,134.242887496948,297
SHP0008,34.4601582062352,134.242927730083,298
SHP0008,34.4597689602519,134.24296528101,299
SHP0008,34.4594018305177,134.2429921031,300
SHP0008,34.4590988379057,134.242970645428,301
SHP0008,34.4588511359164,134.242978692055,302
SHP0008,34.4585680479285,134.243002831936,303
SHP0008,34.4584862178071,134.243000149727,304
SHP0008,34.4584331388093,134.242981374264,305
SHP0008,34.4583667900622,134.242943823338,306
SHP0008,34.4583336156886,134.242906272411,307
SHP0008,34.4582716901913,134.242764115334,308
SHP0008,34.4581544740713,134.242356419563,309
SHP0008,34.4581212996977,134.242251813412,310
SHP0008,34.4580837020744,134.242168664932,311
SHP0008,34.4580350463265,134.242098927498,312
SHP0008,34.4578448465846,134.241943359375,313
SHP0008,34.4577917675869,134.241868257523,314
SHP0008,34.4577563815884,134.241779744625,315
SHP0008,34.4577254188398,134.241664409637,316
SHP0008,34.4576303189689,134.24141228199,317
SHP0008,34.4574666587259,134.241101145744,318
SHP0008,34.457325114732,134.240870475769,319
SHP0008,34.4572211683614,134.240717589855,320
SHP0008,34.4570752011177,134.240551292896,321
SHP0008,34.4568562502521,134.24032330513,322
SHP0008,34.4564470996447,134.239950478077,323
SHP0008,34.456254688278,134.239749312401,324
SHP0008,34.4561441070328,134.239601790905,325
SHP0008,34.4560335257875,134.239408671856,326
SHP0008,34.4558455376706,134.238971471786,327
SHP0008,34.4558035167974,134.238722026348,328
SHP0008,34.4557968819227,134.238413572311,329
SHP0008,34.4557858237982,134.238341152668,330
SHP0008,34.4557637075491,134.238303601742,331
SHP0008,34.4557150518012,134.23825532198,332
SHP0008,34.4554518684375,134.238038063049,333
SHP0008,34.4553302290678,134.238019287586,334
SHP0008,34.4551953199486,134.238032698631,335
SHP0008,34.4546424137223,134.238134622574,336
SHP0008,34.4545384673518,134.238169491291,337
SHP0008,34.4544588488552,134.238209724426,338
SHP0008,34.4541890306168,134.238397479057,339
SHP0008,34.4540541214976,134.238534271717,340
SHP0008,34.453673722014,134.239014387131,341
SHP0008,34.452674067557,134.239652752876,342
SHP0008,34.4524108841933,134.239821732044,343
SHP0008,34.4523600168205,134.239864647388,344
SHP0008,34.4522715518243,134.239920973778,345
SHP0008,34.4522184728265,134.239977300167,346
SHP0008,34.4521432694225,134.240097999573,347
SHP0008,34.4520968202612,134.240197241306,348
SHP0008,34.4520570066944,134.240363538265,349
SHP0008,34.4520459473702,134.240441322327,350
SHP0008,34.452031764448,134.240532375135,351
SHP0008,34.4520083456682,134.240682721138,352
SHP0008,34.4519110236159,134.241423010826,353
SHP0008,34.4518778456436,134.241664409637,354
SHP0008,34.4518446676712,134.241943359375,355
SHP0008,34.4518380320767,134.24198359251,356
SHP0008,34.4518114896989,134.242182075977,357
SHP0008,34.4517738879968,134.242351055145,358
SHP0008,34.4516389642425,134.242780208588,359
SHP0008,34.4516057862702,134.242949187756,360
SHP0008,34.4515814557571,134.24312889576,361
SHP0008,34.4515814557571,134.243560731411,362
SHP0008,34.4516018230192,134.244178188381,363
SHP0008,34.4516067198662,134.244326641927,364
SHP0008,34.4516102099998,134.244432449341,365
SHP0008,34.451621269324,134.244767725468,366
SHP0008,34.4516323286481,134.244982302189,367
SHP0008,34.4516610828908,134.245178103447,368
SHP0008,34.4517053201873,134.245384633541,369
SHP0008,34.4517738879968,134.245572388172,370
SHP0008,34.4517827354561,134.24560457468,371
SHP0008,34.4519419897235,134.24598544836,372
SHP0008,34.4520503710999,134.246229529381,373
SHP0008,34.4522184728265,134.246725738049,374
SHP0008,34.4522273193262,134.246755242348,375
SHP0008,34.4523157843224,134.247028827667,376
SHP0008,34.4523644400703,134.247095882893,377
SHP0008,34.4524219423178,134.2471575737,378
SHP0008,34.4524772329404,134.247240722179,379
SHP0008,34.4525148305638,134.247337281704,380
SHP0008,34.4525347351879,134.247449934483,381
SHP0008,34.4525391584378,134.247500896454,382
SHP0008,34.4525303119381,134.247597455978,383
SHP0008,34.4524728096906,134.248080253601,384
SHP0008,34.4524595399412,134.248270690441,385
SHP0008,34.4524661748159,134.248404800892,386
SHP0008,34.4524927143148,134.248571097851,387
SHP0008,34.4525524281872,134.248782992363,388
SHP0008,34.4528310929252,134.24952596426,389
SHP0008,34.4528443626746,134.249595701694,390
SHP0008,34.452835516175,134.249641299248,391
SHP0008,34.4528089766762,134.249694943428,392
SHP0008,34.4527603209282,134.249727129936,393
SHP0008,34.4527293581796,134.249740540981,394
SHP0008,34.4526895489313,134.249735176563,395
SHP0008,34.4525303119381,134.24957960844,396
SHP0008,34.4524705980657,134.249531328678,397
SHP0008,34.4523666516952,134.249501824379,398
SHP0008,34.4522936680733,134.249507188797,399
SHP0008,34.4522184728265,134.249536693096,400
SHP0008,34.4518955405622,134.249729812145,401
SHP0008,34.4514752862455,134.249998033047,402
SHP0008,34.4513580574098,134.25007045269,403
SHP0008,34.4511855319535,134.250220656395,404
SHP0008,34.4509178963098,134.250488877296,405
SHP0008,34.450864811554,134.250521063805,406
SHP0008,34.4507785488259,134.250547885895,407
SHP0008,34.4506657437198,134.250539839268,408
SHP0008,34.4503936843464,134.250445961952,409
SHP0008,34.4503383877258,134.250437915325,410
SHP0008,34.4502366419439,134.250459372997,411
SHP0008,34.4501791334584,134.250502288342,412
SHP0008,34.4499999724077,134.250671267509,413
SHP0008,34.4497367604936,134.250934123993,414
SHP0008,34.4495067265518,134.251087009907,415
SHP0008,34.4483189551411,134.25143301487,416
SHP0008,34.4482902008984,134.251465201378,417
SHP0008,34.4481265229014,134.251508116722,418
SHP0008,34.4480070822009,134.251551032066,419
SHP0008,34.4479252432024,134.251564443111,420
SHP0008,34.447854463528,134.251564443111,421
SHP0008,34.4476974211255,134.251526892185,422
SHP0008,34.4475669211008,134.251454472542,423
SHP0008,34.4474695990485,134.251382052898,424
SHP0008,34.4474297854817,134.251331090927,425
SHP0008,34.4473966075093,134.251285493374,426
SHP0008,34.4472727430792,134.25105214119,427
SHP0008,34.447237353242,134.251028001308,428
SHP0008,34.4471356074601,134.250977039337,429
SHP0008,34.4470382854078,134.250939488411,430
SHP0008,34.4469542345444,134.250926077366,431
SHP0008,34.4468436413032,134.250928759575,432
SHP0008,34.4467396836565,134.25091534853,433
SHP0008,34.4466512090635,134.250883162022,434
SHP0008,34.4465959124429,134.250837564468,435
SHP0008,34.4465450395519,134.250735640526,436
SHP0008,34.4465273446333,134.250628352165,437
SHP0008,34.4465207090389,134.250456690788,438
SHP0008,34.4465030141203,134.2503708601,439
SHP0008,34.4464764717424,134.250293076038,440
SHP0008,34.4464366581755,134.25020724535,441
SHP0008,34.4463127937454,134.25007045269,442
SHP0008,34.4462597089896,134.250038266182,443
SHP0008,34.4461269971001,134.250014126301,444
SHP0008,34.4458991750232,134.2500436306,445
SHP0008,34.4458217597544,134.250022172928,446
SHP0008,34.4457907936468,134.249998033047,447
SHP0008,34.4457664631337,134.249981939793,448
SHP0008,34.4457155902428,134.249917566776,449
SHP0008,34.4456934715945,134.249869287014,450
SHP0008,34.445611632596,134.249619841576,451
SHP0008,34.4455585478402,134.249571561813,452
SHP0008,34.4455076749493,134.249560832977,453
SHP0008,34.4454391071397,134.249590337276,454
SHP0008,34.4454037173025,134.24963593483,455
SHP0008,34.4453948698432,134.24968957901,456
SHP0008,34.4453992935729,134.24974322319,457
SHP0008,34.4454944037603,134.249885380268,458
SHP0008,34.4455342173272,134.249976575375,459
SHP0008,34.4455408529217,134.249998033047,460
SHP0008,34.4455607597051,134.250062406063,461
SHP0008,34.445574030894,134.250215291977,462
SHP0008,34.4455917258126,134.250274300575,463
SHP0008,34.4456138444609,134.250319898129,464
SHP0008,34.4456602936222,134.250362813473,465
SHP0008,34.4458438784026,134.250491559505,466
SHP0008,34.4458704207805,134.250526428223,467
SHP0008,34.4458991750232,134.250617623329,468
SHP0008,34.4459102343473,134.250714182854,469
SHP0008,34.4458328190785,134.251146018505,470
SHP0008,34.4458350309433,134.251223802567,471
SHP0008,34.4458151241599,134.251293540001,472
SHP0008,34.4457598275393,134.251355230808,473
SHP0008,34.445700107189,134.251347184181,474
SHP0008,34.4456602936222,134.251325726509,475
SHP0008,34.4456403868388,134.251290857792,476
SHP0008,34.4456293275146,134.251250624657,477
SHP0008,34.4456160563257,134.251164793968,478
SHP0008,34.445624903785,134.250936806202,479
SHP0008,34.4455895139478,134.250853657722,480
SHP0008,34.445536429192,134.250813424587,481
SHP0008,34.4453904461136,134.25075173378,482
SHP0008,34.445171471496,134.250695407391,483
SHP0008,34.4449126833115,134.250631034374,484
SHP0008,34.4448109375296,134.250606894493,485
SHP0008,34.4444946408597,134.250515699387,486
SHP0008,34.4441805560546,134.250405728817,487
SHP0008,34.4440633272189,134.250405728817,488
SHP0008,34.4440235136521,134.250416457653,489
SHP0008,34.4439107085461,134.250472784042,490
SHP0008,34.4436519203616,134.250545203686,491
SHP0008,34.4434616999867,134.250563979149,492
SHP0008,34.4433356236917,134.250539839268,493
SHP0008,34.4432935982601,134.250531792641,494
SHP0008,34.4431586745058,134.250480830669,495
SHP0008,34.4429418882437,134.250405728817,496
SHP0008,34.44264248531,134.250338810772,497
SHP0008,34.4424618615207,134.250298440456,498
SHP0008,34.4421831363266,134.25023406744,499
SHP0008,34.4420747431956,134.250209927559,500
SHP0008,34.4418402600959,134.25015360117,501
SHP0008,34.441784957478,134.250137507915,502
SHP0008,34.4416677159281,134.250126779079,503
SHP0008,34.4413049307549,134.250054359436,504
SHP0008,34.4411832649956,134.250046312809,505
SHP0008,34.441048326608,134.250059723854,506
SHP0008,34.4409731150477,134.250075817108,507
SHP0008,34.4408647219167,134.250150918961,508
SHP0008,34.4404753914869,134.250445961952,509
SHP0008,34.4402939989003,134.250569343567,510
SHP0008,34.440017485811,134.250789284706,511
SHP0008,34.4397210637792,134.251049458981,512
SHP0008,34.4396480643237,134.251087009907,513
SHP0008,34.4396244645944,134.251095164445,514
SHP0008,34.4392211281137,134.251234531403,515
SHP0008,34.439048583946,134.251266717911,516
SHP0008,34.4389446150244,134.251266717911,517
SHP0008,34.4386083751078,134.251280128956,518
SHP0008,34.4383650435892,134.251306951046,519
SHP0008,34.4381770146884,134.251419603825,520
SHP0008,34.4378540474001,134.251585900784,521
SHP0008,34.4377014121748,134.251639544964,522
SHP0008,34.4370222960274,134.251639544964,523
SHP0008,34.4368674486974,134.251631498337,524
SHP0008,34.4367236618909,134.251618087292,525
SHP0008,34.4365798750845,134.251601994038,526
SHP0008,34.4362635441103,134.25154030323,527
SHP0008,34.436157363084,134.251500070095,528
SHP0008,34.4360467578483,134.251424968243,529
SHP0008,34.4359649099738,134.251247942448,530
SHP0008,34.4358852742041,134.251033365726,531
SHP0008,34.4358299715862,134.250907301903,532
SHP0008,34.4357613963401,134.250818789005,533
SHP0008,34.4355954884865,134.250660538673,534
SHP0008,34.4355247011356,134.250617623329,535
SHP0008,34.4354340048423,134.250609576702,536
SHP0008,34.4351243101823,134.250609576702,537
SHP0008,34.4349384933862,134.250606894493,538
SHP0008,34.4348809786636,134.250596165657,539
SHP0008,34.4346796771346,134.250539839268,540
SHP0008,34.4345646476895,134.250464737415,541
SHP0008,34.4345027087574,134.250354766846,542
SHP0008,34.4343721945793,134.249998033047,543
SHP0008,34.4342416804011,134.249477684498,544
SHP0008,34.4342151351445,134.249394536018,545
SHP0008,34.4340978935947,134.249220192432,546
SHP0008,34.4338987825829,134.248992204666,547
SHP0008,34.4333965803642,134.248498678207,548
SHP0008,34.4333346347161,134.248447716236,549
SHP0008,34.433257202656,134.248386025429,550
SHP0008,34.4330249064755,134.248238503933,551
SHP0008,34.4325603141147,134.247956871986,552
SHP0008,34.4323324426234,134.247846901417,553
SHP0008,34.4322262500838,134.247814714909,554
SHP0008,34.4321222698887,134.247795939445,555
SHP0008,34.4319452823227,134.247736930847,556
SHP0008,34.4318700626071,134.247694015503,557
SHP0008,34.4317705071012,134.247605502605,558
SHP0008,34.4313722850776,134.247173666954,559
SHP0008,34.4312970653621,134.247125387192,560
SHP0008,34.4311576876538,134.247061014175,561
SHP0008,34.4308877816156,134.246959090233,562
SHP0008,34.43084425164,134.24694192763,563
SHP0008,34.43034354485,134.246744513512,564
SHP0008,34.4302506263778,134.246696233749,565
SHP0008,34.4301112486696,134.246607720852,566
SHP0008,34.4299984190962,134.246564805508,567
SHP0008,34.4297218760243,134.246444106102,568
SHP0008,34.4285692445004,134.246183931828,569
SHP0008,34.4283611037563,134.246115393325,570
SHP0008,34.4282108446792,134.246065914631,571
SHP0008,34.4280825286938,134.246028363705,572
SHP0008,34.4279652744313,134.246028363705,573
SHP0008,34.4278347461014,134.246065914631,574
SHP0008,34.4275714770969,134.246127605438,575
SHP0008,34.4274918326922,134.246087372303,576
SHP0008,34.4274033389091,134.245990812778,577
SHP0008,34.4273303315381,134.245880842209,578
SHP0008,34.4272905093358,134.245754778385,579
SHP0008,34.4272882969912,134.245609939098,580
SHP0008,34.4273391809164,134.245499968529,581
SHP0008,34.4274630722127,134.245357811451,582
SHP0008,34.4279630620867,134.244888424873,583
SHP0008,34.4280781040047,134.244740903378,584
SHP0008,34.4281511113757,134.244649708271,585
SHP0008,34.4282838520502,134.244394898415,586
SHP0008,34.4283679211441,134.244279563427,587
SHP0008,34.4284851754066,134.244199097157,588
SHP0008,34.4287108345533,134.244129359722,589
SHP0008,34.4288922468085,134.244046211243,590
SHP0008,34.4290028640372,134.243973791599,591
SHP0008,34.4290802960974,134.243893325329,592
SHP0008,34.4291333923672,134.243802130222,593
SHP0008,34.4292196738056,134.243402481079,594
SHP0008,34.4292417972514,134.243212044239,595
SHP0008,34.4292351602177,134.243118166924,596
SHP0008,34.4291931256707,134.242557585239,597
SHP0008,34.4291887009816,134.242275953293,598
SHP0008,34.4292373725622,134.242082834244,599
SHP0008,34.4292816194538,134.24198359251,600
SHP0008,34.4293059552441,134.241943359375,601
SHP0008,34.4294807304656,134.241664409637,602
SHP0008,34.4295249773571,134.241594672203,603
SHP0008,34.4296156834847,134.241414964199,604
SHP0008,34.4297329377472,134.24114137888,605
SHP0008,34.4297926710507,134.240964353085,606
SHP0008,34.4300249672311,134.240347445011,607
SHP0008,34.4301112486696,134.240124821663,608
SHP0008,34.4302727498236,134.239684939384,609
SHP0008,34.430359031262,134.239414036274,610
SHP0008,34.4305227447606,134.23868983984,611
SHP0008,34.4307218557724,134.238201677799,612
SHP0008,34.4307130063941,134.23809170723,613
SHP0008,34.4306289373003,134.238005876541,614
SHP0008,34.4305758410304,134.237960278988,615
SHP0008,34.4304984089703,134.237914681435,616
SHP0008,34.4304804712026,134.237906180161,617
SHP0008,34.430255051067,134.237799346447,618
SHP0008,34.4302152288646,134.237753748894,619
SHP0008,34.4301621325948,134.237643778324,620
SHP0008,34.4300913375684,134.237501621246,621
SHP0008,34.4299386857927,134.237244129181,622
SHP0008,34.4299055006241,134.237206578255,623
SHP0008,34.4297749722941,134.237010776997,624
SHP0008,34.4296599303762,134.236772060394,625
SHP0008,34.4294541823307,134.236359000206,626
SHP0008,34.4293369280681,134.236098825932,627
SHP0008,34.4292904688321,134.235935211182,628
SHP0008,34.4292572836634,134.235736727715,629
SHP0008,34.4292152491165,134.235487282276,630
SHP0008,34.4291953380153,134.235251247883,631
SHP0008,34.4292086120828,134.23512250185,632
SHP0008,34.4292285231839,134.235025942326,633
SHP0008,34.4293037428995,134.234787225723,634
SHP0008,34.4293369280681,134.234647750854,635
SHP0008,34.4293464437248,134.23459748415,636
